"","person.key","Team","Name","fanpoints","G","pred_points_sum","pred_games_count","pred_games_above_count","position","points_sum_lag1","games_count_lag1","games_above_count_lag1","points_sd_lag1"
"1","adama002","Nationals","Austin Adams",72,20,59.436627417532,26.2294661789303,-0.687362369667614,"R",5.5,2,0,6.7175144212722
"2","adamc002","Yankees","Chance Adams",10.5,2,NA,NA,NA,"R",NA,NA,NA,NA
"3","albem001","Brewers","Matt Albers",306.5,65,69.1041160505739,32.5879121589861,1.32410044564219,"R",154.166666666667,34,2,5.45578792708512
"4","alcas001","Marlins","Sandy Alcantara",81.5,8,329.6493246588,21.8406103244283,-0.0409816561630386,"S",64,6,3,12.7226831551629
"5","alcav001","Tigers","Victor Alcantara",168,40,52.1309790532126,26.4319034476906,-1.44790854370215,"R",119,27,0,3.59556152472221
"6","alexs001","Dodgers","Scott Alexander",233,50,138.628631268056,41.0536174935107,2.18613187831786,"R",335,73,5,4.32416071495033
"7","allak001","Braves","Kolby Allard",37.5,3,NA,NA,NA,"R",NA,NA,NA,NA
"8","allec002","Angels","Cody Allen",390.5,65,45.5218088338646,33.8619034665265,-0.2674535402605,"C",396.5,70,7,5.0907618057217
"9","almoy001","Rockies","Yency Almonte",33.5,3,NA,NA,NA,"R",NA,NA,NA,NA
"10","altad001","Mariners","Dan Altavilla",68,20,69.5154633415607,29.555247842628,-0.285101247793583,"R",103.333333333333,22,0,3.03621717250508
"11","alvaj003","Phillies","Jose Alvarez",150,40,51.4510327046003,37.4977698466686,-1.48764771296345,"R",319.5,76,4,3.82899258428719
"12","alvaj004","Rays","Jose Alvarado",393,60,44.5068004969481,41.0159388332318,0.491733163385217,"R",411,70,4,3.61148323187516
"13","andeb004","Athletics","Brett Anderson",126,11,353.274891396458,25.0649723166622,5.38633482733467,"S",133.166666666667,17,8,10.9783562319482
"14","andec001","Brewers","Chase Anderson",335,58,359.479290817167,29.5351642257209,3.74381301480538,"S",306,30,14,6.05599667977457
"15","anded003","Phillies","Drew Anderson",46.5,12,172.317437629319,20.9324328648505,3.4921475353983,"R",33.3333333333333,5,0,2.34816713393423
"16","andej005","Angels","Justin Anderson",224,50,NA,NA,NA,"R",NA,NA,NA,NA
"17","andet002","Rockies","Tyler Anderson",291,26,346.802776569568,30.1703748089965,4.30658709601381,"S",351,32,18,11.1503602253076
"18","andet003","Athletics","Tanner Anderson",33,10,NA,NA,NA,"R",NA,NA,NA,NA
"19","andrm001","Diamondbacks","Matt Andriese",134.5,18,142.74066937526,30.3448981984776,5.95057111440648,"R",226.333333333333,41,7,6.15981546462762
"20","aranv001","Phillies","Victor Arano",84.5,25,46.3833360164018,33.9545113305158,-0.908969300632207,"R",299.666666666667,60,3,3.91938139680032
"21","araup001","Orioles","Pedro Araujo",75.5,25,NA,NA,NA,"R",NA,NA,NA,NA
"22","archc001","Pirates","Chris Archer",455,32,379.631463801589,29.1713218608627,4.35215299582709,"S",328.166666666667,27,15,7.27716336764051
"23","armss001","Mariners","Shawn Armstrong",291,60,45.8670765753359,26.4560753381204,-0.571041405854439,"R",79.3333333333333,14,0,3.27317509670277
"24","arrij001","Phillies","Jake Arrieta",368,31,386.74162685452,29.7787725282546,7.26298556074612,"S",347.333333333333,31,16,9.73840332922335
"25","avill001","Mets","Luis Avilan",172,40,2.93556981310822,26.5037435548238,-0.756153529640863,"R",208.666666666667,70,0,3.21399201173304
"26","baezp001","Dodgers","Pedro Baez",252,50,46.9604958121761,33.9027330518928,0.270701283225158,"R",280.166666666667,55,2,3.51038489271822
"27","baezs001","Tigers","Sandy Baez",67.5,25,NA,NA,NA,"R",NA,NA,NA,NA
"28","bailh001","Royals","Homer Bailey",123.5,13,288.583512887906,19.5502425498754,2.70705672274256,"S",150.166666666667,20,6,7.82959503930645
"29","barls001","Royals","Scott Barlow",62,17,NA,NA,NA,"R",NA,NA,NA,NA
"30","barnj002","Brewers","Jacob Barnes",131.5,35,69.2834403636725,31.0555385553602,0.570571705542113,"R",213.333333333333,49,2,3.81147643410132
"31","barnm001","Red Sox","Matt Barnes",336.5,65,74.7451681238146,43.5585242865664,-0.664194657354067,"R",385.833333333333,62,3,4.20944634942157
"32","barnt002","Cubs","Tony Barnette",139,40,57.1180176808602,26.3622952046507,-0.966044619756166,"R",114.166666666667,22,0,3.19734324838667
"33","barrj003","Angels","Jaime Barria",209.5,19,NA,NA,NA,"S",NA,NA,NA,NA
"34","barrk002","Nationals","Kyle Barraclough",265.5,55,74.282819157384,35.8896550882713,0.424932661912973,"R",303.833333333333,61,2,4.44983336773493
"35","basht001","Mets","Tyler Bashlor",36,10,NA,NA,NA,"R",NA,NA,NA,NA
"36","bassc001","Athletics","Chris Bassitt",205.5,36,NA,NA,NA,"S",NA,NA,NA,NA
"37","bauet001","Indians","Trevor Bauer",451,31,355.870994629289,33.7474014487643,3.60001912083418,"S",534.666666666667,28,24,8.44827259371727
"38","bautg001","Mariners","Gerson Bautista",84.5,25,NA,NA,NA,"C",NA,NA,NA,NA
"39","bedrc001","Angels","Cam Bedrosian",242,50,90.3270487188317,36.6906416668413,2.00914618266369,"R",306,71,1,3.73532002566915
"40","beedt001","Giants","Tyler Beede",12.5,2,NA,NA,NA,"S",NA,NA,NA,NA
"41","beekj001","Rays","Jalen Beeks",189.5,16,NA,NA,NA,"R",NA,NA,NA,NA
"42","berrj001","Twins","Jose Berrios",428.5,32,346.311840392053,31.7493283078036,2.60664082433922,"S",458.166666666667,32,19,10.8514207463015
"43","betad001","Yankees","Dellin Betances",313,60,73.0475790657331,42.7388636003376,1.81717704807169,"R",452.333333333333,66,2,2.9643919760416
"44","bettc001","Rockies","Chad Bettis",209.5,48,324.904239395237,26.7046056250302,7.74900351091117,"S",200.166666666667,27,9,7.54337462886404
"45","biagj001","Blue Jays","Joe Biagini",199,50,136.286480160968,30.2899976971222,5.98158019203769,"R",186,50,2,4.17522115046961
"46","biddj001","Braves","Jesse Biddle",175,40,NA,NA,NA,"R",NA,NA,NA,NA
"47","biebs001","Indians","Shane Bieber",327.5,24,NA,NA,NA,"S",NA,NA,NA,NA
"48","blacp001","Athletics","Paul Blackburn",48,5,342.39504385702,20.8613108358594,2.33900184127162,"S",29.8333333333333,6,2,14.0757540420345
"49","blacr001","Giants","Ray Black",95.5,25,NA,NA,NA,"R",NA,NA,NA,NA
"50","blact002","Giants","Ty Blach",125.5,30,263.325168552345,31.9713850137322,9.1685517045392,"R",279.333333333333,47,8,5.95791161938694
"51","bleir001","Orioles","Richard Bleier",275.5,65,78.8508479964107,30.3241407891604,0.899981425110113,"R",156.333333333333,31,1,3.44506295753242
"52","blevj001","Athletics","Jerry Blevins",80.5,25,43.6166352571727,33.0844668635716,-0.950374586908836,"R",191.333333333333,64,0,3.880475593136
"53","borur001","Blue Jays","Ryan Borucki",162.5,16,NA,NA,NA,"S",NA,NA,NA,NA
"54","boxbb001","Royals","Brad Boxberger",337,60,46.5997517513038,26.5226292914345,-0.394659353553089,"C",333.666666666667,60,2,4.55691840346569
"55","bracb001","Cubs","Brad Brach",197.5,45,50.9753487307058,31.4611125656659,-0.143136117996523,"R",321.333333333333,69,0,3.90678604117821
"56","bracs001","Diamondbacks","Silvino Bracho",240,50,36.2311461881166,26.7610315602047,-1.41264410587004,"R",118.5,31,2,3.33969822429972
"57","brada001","Diamondbacks","Archie Bradley",370,70,77.7636934056422,45.6920183976523,0.610839662105087,"R",432.833333333333,76,4,4.06287511388587
"58","brasr001","Red Sox","Ryan Brasier",380.5,65,NA,NA,NA,"R",NA,NA,NA,NA
"59","braus002","Pirates","Steven Brault",169,40,135.2695014939,30.9027199929633,3.82569901080117,"R",246.833333333333,45,7,5.25304411772887
"60","brebj001","Cardinals","John Brebbia",261,50,49.6074518314463,29.5016438191582,-1.59637276223371,"R",230.333333333333,45,1,3.85969562019904
"61","brewc002","Red Sox","Colten Brewer",38,10,NA,NA,NA,"R",NA,NA,NA,NA
"62","brica001","Marlins","Austin Brice",67,20,36.1423393341535,24.7522199725719,1.04411354833752,"R",106.666666666667,33,0,2.99882482594438
"63","bridp001","Athletics","Parker Bridwell",10.5,2,178.124266625768,24.2748851137144,4.33621382843098,"R",-7.66666666666667,5,0,8.01595630948395
"64","brigj002","Marlins","Jeff Brigham",32,3,NA,NA,NA,"S",NA,NA,NA,NA
"65","britz001","Yankees","Zach Britton",290,60,83.5733545000818,30.1901232810789,-0.200989896964915,"C",197.333333333333,41,2,3.93492113466628
"66","brooa001","Athletics","Aaron Brooks",12.5,2,NA,NA,NA,"C",NA,NA,NA,NA
"67","buchc001","Blue Jays","Clay Buchholz",210,19,334.672979096424,27.8383322221108,3.81644373540926,"S",257.166666666667,17,14,8.8125796709883
"68","buchr001","Athletics","Ryan Buchter",214,50,38.1737510259294,34.6233310968129,0.638203682147196,"R",219.666666666667,54,1,3.18350678155654
"69","buehw001","Dodgers","Walker Buehler",417.5,28,341.573792161279,28.9278232788536,2.1203072000841,"S",376.666666666667,24,19,8.51422036772653
"70","bumgm001","Giants","Madison Bumgarner",472,32,332.401742150547,26.3596392188973,5.12676299147136,"S",299.833333333333,21,14,7.48281982895436
"71","bumma001","White Sox","Aaron Bummer",113.5,35,39.0124713185427,22.8783331326358,-0.19104535022644,"R",115.833333333333,37,0,2.93897162641757
"72","bundd001","Orioles","Dylan Bundy",349.5,29,361.781225783947,29.5678219640531,4.10059821824149,"S",336.833333333333,31,18,12.1035975180659
"73","burdn001","Pirates","Nick Burdi",80.5,25,NA,NA,NA,"R",NA,NA,NA,NA
"74","burnc002","Brewers","Corbin Burnes",278.5,23,NA,NA,NA,"R",NA,NA,NA,NA
"75","burrr002","White Sox","Ryan Burr",58,20,NA,NA,NA,"R",NA,NA,NA,NA
"76","buttt001","Angels","Ty Buttrey",295,60,NA,NA,NA,"R",NA,NA,NA,NA
"77","cahit001","Angels","Trevor Cahill",234.5,21,349.859564293387,27.8982675277355,7.09153788404715,"S",232,21,10,10.252390352328
"78","carls002","Braves","Shane Carle",124.5,35,54.6303889907373,33.9171289731927,0.720797260790859,"R",276.5,53,3,3.99727269544797
"79","carpr001","Tigers","Ryan Carpenter",91.5,10,NA,NA,NA,"S",NA,NA,NA,NA
"80","carrc003","Indians","Carlos Carrasco",453,29,368.500136940466,33.5519751422111,6.14757683315269,"S",536,32,24,11.0041536634792
"81","carrc004","Orioles","Cody Carroll",139,40,NA,NA,NA,"R",NA,NA,NA,NA
"82","casha001","Orioles","Andrew Cashner",208,24,377.387824059379,26.286864507521,6.12634340252908,"S",221.5,28,13,9.16037743202958
"83","castd002","Rays","Diego Castillo",317,60,NA,NA,NA,"R",NA,NA,NA,NA
"84","castj007","Padres","Jose Castillo",22.5,5,NA,NA,NA,"R",NA,NA,NA,NA
"85","castl003","Reds","Luis Castillo",384,29,344.201539314822,29.7956633440912,3.19595259191305,"S",361.833333333333,31,17,9.20743297468266
"86","castm002","Orioles","Miguel Castro",207.5,55,92.4743257320279,30.8953493166512,2.80132917145279,"R",262.166666666667,63,3,4.6919408000632
"87","cecib001","Cardinals","Brett Cecil",212,50,36.0271823595946,27.5793592187748,0.710020266036676,"R",83.3333333333333,40,0,3.29421490674969
"88","cedex001","Cubs","Xavier Cedeno",37,10,41.6874273334391,30.1044122736855,-0.538185027720078,"R",196.666666666667,48,0,3.79962567108218
"89","cessl001","Yankees","Luis Cessa",103.5,23,212.433101764601,26.3600032734939,5.72725872931042,"R",120.333333333333,16,6,8.05372584584303
"90","chacj001","Brewers","Jhoulys Chacin",341.5,31,348.440382710679,32.8171784132404,3.96579183281943,"S",399.333333333333,35,22,8.01584856381069
"91","chafa001","Diamondbacks","Andrew Chafin",257.5,55,48.2723906318676,36.472573098459,-0.155652573431917,"R",261.666666666667,77,1,3.65059834919311
"92","chapa001","Yankees","Aroldis Chapman",435.5,65,33.2551286648713,30.1504342933404,-1.20469640103745,"C",384.666666666667,55,7,4.25667759557116
"93","charj001","Dodgers","JT Chargois",163,40,NA,NA,NA,"R",NA,NA,NA,NA
"94","chatt001","Cubs","Tyler Chatwood",116.5,33,399.681656997443,26.5172161901372,8.73162427186066,"S",110.833333333333,24,3,6.8578526460295
"95","chavj001","Rangers","Jesse Chavez",376,80,43.8318007173164,34.719954427151,-0.274660908026047,"R",429.666666666667,62,10,4.43979647081642
"96","chenw001","Marlins","Wei-Yin Chen",311,28,291.194802247548,26.3767953471217,1.33442608267367,"S",232.666666666667,26,12,10.9767197317038
"97","chiry001","Rays","Yonny Chirinos",261,36,NA,NA,NA,"R",NA,NA,NA,NA
"98","cimba001","Indians","Adam Cimber",274,60,NA,NA,NA,"R",NA,NA,NA,NA
"99","cingt001","Dodgers","Tony Cingrani",75,20,51.8182484815167,31.848272744822,-1.13876886024395,"R",145.333333333333,30,1,4.58193465248495
"100","cishs001","Cubs","Steve Cishek",231,50,41.3999908595583,44.8174535253992,-0.393238861890099,"R",442.166666666667,80,5,3.74780233306233
"101","claua001","Brewers","Alex Claudio",273,60,106.262651880524,33.1776526244488,1.00336923941895,"R",263.166666666667,66,2,4.07801177109385
"102","clevm001","Indians","Mike Clevinger",379,29,351.079536547796,35.0116471055902,4.54295366737042,"S",514,32,26,6.50182632186628
"103","cobba001","Orioles","Alex Cobb",305,29,378.73149671083,27.2819514574425,5.33981013291839,"S",258.166666666667,28,16,9.27085054890104
"104","coleg001","Astros","Gerrit Cole",529,32,362.247704387102,36.4865212095962,4.12088096636232,"S",593.166666666667,32,30,6.49948086912334
"105","colet001","Angels","Taylor Cole",201.5,43,141.42223317229,27.6014713545205,4.09019673446003,"R",124,18,6,6.86161055047612
"106","coloa001","White Sox","Alex Colome",296,60,86.0390814143827,41.9225831168665,0.516497315549598,"R",448,70,2,3.45961285334184
"107","conla001","Marlins","Adam Conley",275,60,80.8939453875201,36.4868111792542,1.23840943124129,"R",258.333333333333,52,2,4.56674520011887
"108","conlp001","Mets","P.J. Conlon",12.5,2,NA,NA,NA,"S",NA,NA,NA,NA
"109","corbp001","Nationals","Patrick Corbin",436,31,348.339356585294,34.9258594006565,3.44556138254422,"S",560,33,27,7.49217816031216
"110","coved001","White Sox","Dylan Covey",120.5,13,318.019259613886,23.777090188733,7.05464003096213,"S",198.833333333333,27,10,10.21698738747
"111","crick001","Pirates","Kyle Crick",228,50,56.1846698497943,38.2258681365592,-0.502411585856509,"R",346.166666666667,64,1,3.60346316955979
"112","curtj003","Angels","John Curtiss",50.5,15,46.6147191131044,23.8945276412406,-1.72717946468201,"R",22.1666666666667,8,0,4.2481905578579
"113","darvy001","Cubs","Yu Darvish",334,24,321.785524563594,22.6919591782357,1.42812818059364,"S",76,8,3,8.89845715180669
"114","davia003","Phillies","Austin Davis",39,10,NA,NA,NA,"R",NA,NA,NA,NA
"115","davim005","Rangers","Matt Davidson",22,10,NA,NA,NA,"C",NA,NA,NA,NA
"116","daviw001","Rockies","Wade Davis",390.5,65,55.6483195499123,27.4714364581363,0.379021049883172,"C",435.666666666667,69,3,4.69707670804006
"117","daviz001","Brewers","Zach Davies",231,21,370.320733290801,22.0267665984906,2.87937418746716,"S",111,13,3,5.68386029088223
"118","deetd001","Astros","Dean Deetz",143,40,NA,NA,NA,"C",NA,NA,NA,NA
"119","degrj001","Mets","Jacob deGrom",610.5,32,366.073919266826,37.5434282180859,3.00913727016049,"S",708.5,32,31,7.22836772412674
"120","deloe001","Phillies","Enyel De Los Santos",50,5,NA,NA,NA,"R",NA,NA,NA,NA
"121","desca001","Reds","Anthony DeSclafani",311.5,26,NA,NA,NA,"S",NA,NA,NA,NA
"122","devec001","Astros","Chris Devenski",225,50,88.4675515979061,38.8314275691766,0.931320359871769,"R",273.666666666667,50,3,4.97742750630271
"123","diaze006","Mets","Edwin Diaz",467.5,65,51.2994228317072,32.5312122348345,-1.40045140732744,"C",616.666666666667,73,14,3.45069736111868
"124","diazm004","Padres","Miguel Diaz",48.5,15,45.5020675020171,23.9351617306489,-0.817651645448732,"R",63.3333333333333,11,1,3.5779910846759
"125","diekj001","Royals","Jake Diekman",272.5,55,66.0789203990623,37.3040471804682,-0.107064292359756,"R",285.666666666667,71,1,4.35418935055817
"126","domis001","Phillies","Seranthony Dominguez",360.5,65,NA,NA,NA,"R",NA,NA,NA,NA
"127","dools001","Nationals","Sean Doolittle",427.5,65,45.9243001617054,27.4163075176693,-1.19418943905457,"C",330.5,43,1,2.6560326916589
"128","duenb001","Cubs","Brian Duensing",129,40,42.8091068940935,32.6700902075185,-0.464034175696636,"R",132.833333333333,48,1,4.26344897277076
"129","duffd001","Royals","Danny Duffy",368,31,327.108033139137,28.494623759951,2.3636000700323,"S",277.5,28,15,10.1918310448629
"130","dufft001","Twins","Tyler Duffey",69,20,105.155699034426,27.0286996092216,2.44590752618695,"R",76.5,19,1,5.28399141768268
"131","dukez001","Reds","Zach Duke",159,40,35.7091754872671,35.2600558319441,-0.498947858694934,"R",259,72,0,3.83611350498929
"132","dullr001","Athletics","Ryan Dull",101,30,70.9939231055963,31.8265433428968,-1.5459835936265,"R",133.666666666667,28,1,3.97683991781444
"133","dunnm002","Rockies","Mike Dunn",199,50,65.8261086176702,28.6203009431963,0.510588957346938,"R",54.5,25,0,4.18438455140945
"134","dysos001","Giants","Sam Dyson",261,60,91.7100835459835,36.1247293389723,1.4373102550506,"R",350.166666666667,74,1,2.91310187470253
"135","edwaj001","Indians","Jon Edwards",157,40,NA,NA,NA,"R",NA,NA,NA,NA
"136","efliz001","Phillies","Zach Eflin",298,26,320.938190146773,25.3824501564194,2.72411389402393,"S",266,24,13,9.23263482943628
"137","eickj001","Phillies","Jerad Eickhoff",110,10,211.499038063749,23.7976462921107,6.35473788980566,"R",15.6666666666667,3,0,3.88134188326857
"138","eliar001","Mariners","Roenis Elias",223.5,52,155.960130562214,24.6857025155653,3.68640999878913,"C",142.5,23,3,4.83689841714297
"139","eovan001","Red Sox","Nathan Eovaldi",340,28,NA,NA,NA,"S",NA,NA,NA,NA
"140","erlir001","Padres","Robbie Erlin",374.5,70,NA,NA,NA,"R",NA,NA,NA,NA
"141","estrm001","Athletics","Marco Estrada",215,23,293.972596532975,27.1296305865838,0.118148185393762,"S",207.833333333333,28,13,9.8725918710738
"142","famij001","Mets","Jeurys Familia",323.5,65,57.7576895341745,36.1788691787907,0.828612382508433,"C",422,70,6,4.67123408547436
"143","farij001","Rays","Jake Faria",50,5,328.28206419629,27.0370115679438,8.35809374171943,"S",104.5,17,7,11.4538449319646
"144","farmb001","Tigers","Buck Farmer",278,60,83.1157699337329,31.3907998736064,3.39177572330018,"R",233.666666666667,66,2,3.64364106027476
"145","farrl001","Rangers","Luke Farrell",35,10,72.8959975993043,23.838172968035,1.87592073947069,"R",99.6666666666667,20,1,5.90541925761306
"146","fedde001","Nationals","Erick Fedde",111,10,352.602207834114,20.9221641538285,5.72965066290047,"S",72.1666666666667,11,2,6.8715487204983
"147","felim001","Pirates","Michael Feliz",177,40,68.8608594706402,35.6057945607016,0.364217286763436,"R",238.833333333333,47,0,4.57226890320542
"148","fergc001","Dodgers","Caleb Ferguson",292.5,51,NA,NA,NA,"R",NA,NA,NA,NA
"149","fernj005","Tigers","Jose Fernandez",68.5,25,NA,NA,NA,"R",NA,NA,NA,NA
"150","fielj002","Brewers","Josh Fields",119.5,35,65.5944314574196,32.2164583684746,-1.04611953204481,"R",225.5,45,0,3.52684510060144
"151","fierm001","Athletics","Mike Fiers",297.5,26,343.553981505384,31.1960452028486,4.54138024879822,"S",388,31,20,7.62104236560533
"152","fillh001","Royals","Heath Fillmyer",177.5,38,NA,NA,NA,"S",NA,NA,NA,NA
"153","finnb001","Reds","Brandon Finnegan",46.5,15,310.570560409166,19.3978161495671,2.73816750870397,"S",7.33333333333333,5,0,6.17386966712666
"154","flahj002","Cardinals","Jack Flaherty",406,29,351.172750287777,31.0964671405855,4.80081846736335,"S",371.5,28,17,8.3462047861735
"155","flexc001","Mets","Chris Flexen",33,3,194.207926684831,19.8176230182287,8.32099261970607,"R",-4.83333333333333,4,0,3.69778462205563
"156","flord002","Dodgers","Dylan Floro",226,50,36.7971889124535,32.2293115827516,0.330905877973321,"R",277,54,4,4.17184165007726
"157","flynb001","Royals","Brian Flynn",81.5,25,106.51939076492,28.674787282314,5.98409351212004,"R",243.833333333333,48,4,4.11865811413748
"158","foltm001","Braves","Mike Foltynewicz",292,23,333.893435082332,33.8678797922719,3.13712255854371,"S",472.5,31,23,7.63663668330083
"159","fontw001","Rays","Wilmer Font",225.5,43,178.781273666464,24.5902243769991,6.39871895194727,"R",91,19,4,6.17213023865432
"160","frarc001","White Sox","Caleb Frare",145,40,NA,NA,NA,"R",NA,NA,NA,NA
"161","freek001","Rockies","Kyle Freeland",352.5,31,420.447184597961,34.1491624366151,5.66012858194732,"S",485.166666666667,33,24,5.86786765283998
"162","friem001","Braves","Max Fried",152,23,229.261329294665,28.051428682959,6.11876121301909,"R",94.8333333333333,14,4,7.90153267152763
"163","fry-j001","White Sox","Jace Fry",231,50,45.3016491426959,32.7474497495874,-0.691926266498761,"R",273.666666666667,59,4,5.02809658904702
"164","fry-p001","Orioles","Paul Fry",273,60,NA,NA,NA,"R",NA,NA,NA,NA
"165","fulmc001","White Sox","Carson Fulmer",85,16,293.508100200976,20.4762377810302,2.94401928074765,"S",12.1666666666667,9,3,12.6371488423694
"166","gagnd001","Mets","Drew Gagnon",101,30,NA,NA,NA,"R",NA,NA,NA,NA
"167","gallg001","Cardinals","Giovanny Gallegos",41,10,41.781494072306,24.6245153917043,0.193862761275347,"C",43.6666666666667,6,1,5.46470154381399
"168","gantj002","Cardinals","John Gant",159,35,323.928458927821,27.7269823826802,6.79206968317344,"S",240,26,11,6.39480291123223
"169","garcj006","Marlins","Jarlin Garcia",193,50,196.789231367835,26.8547109506122,5.49503923757764,"R",139,29,4,7.10712463519433
"170","garcl005","Angels","Luis Garcia",172,40,56.4685091847978,35.5083911125513,0.801268191297251,"R",222,59,2,4.59751759082246
"171","garcy001","Dodgers","Yimi Garcia",86.5,25,NA,NA,NA,"R",NA,NA,NA,NA
"172","gardn001","Rangers","Nick Gardewine",113.5,35,21.7715533271476,19.8172285322425,-2.70461093724349,"R",17.5,3,0,3.75277674973257
"173","garra001","Reds","Amir Garrett",299.5,65,52.8376365521195,40.7439486775966,1.95013481232304,"R",331.5,66,3,3.98317898677863
"174","gausk001","Braves","Kevin Gausman",335.5,26,384.136392676074,30.8792820802129,4.24768371330492,"S",394.833333333333,31,19,9.27499368009652
"175","gavis001","Blue Jays","Sam Gaviglio",131.5,33,328.210741316843,26.3874634966266,3.61358684542316,"S",209.833333333333,26,10,8.16594188306571
"176","gearc001","Mariners","Cory Gearrin",217,50,52.1031783096977,35.103755033424,-0.535173047317608,"R",274.666666666667,62,1,3.61192978647421
"177","germd001","Yankees","Domingo German",121,16,286.073155713003,25.3396798194799,3.53137203128784,"S",178.833333333333,21,9,8.9834577545349
"178","gibsk002","Twins","Kyle Gibson",383.5,32,426.091794026752,33.0811112789721,8.03465925393666,"S",438.333333333333,32,24,6.82912767247949
"179","gilek001","Blue Jays","Ken Giles",406.5,65,54.4827243333013,27.8985451750387,-0.64483603019957,"C",315.166666666667,55,2,4.62264186453014
"180","gilms001","Orioles","Sean Gilmartin",32,10,56.2073539955667,25.7899168124598,1.52120280797938,"R",80.5,12,3,5.93573538371233
"181","gioll001","White Sox","Lucas Giolito",221,24,320.953757493918,24.1156397984623,5.98306426610757,"S",213.666666666667,32,12,11.001949770178
"182","givem001","Orioles","Mychal Givens",389.5,65,45.5397834681524,35.312022692973,-0.380502073867683,"R",364.333333333333,69,5,4.05754086493373
"183","glast001","Rays","Tyler Glasnow",317.5,24,183.8858075964,34.578188925604,6.11257881517421,"R",331.833333333333,45,13,7.17257997370798
"184","glovk001","Nationals","Koda Glover",169,40,58.9275646509455,27.8360114356045,-0.56357679708896,"R",74.1666666666667,22,0,3.44070399241841
"185","godlz001","Diamondbacks","Zack Godley",332,28,388.803232708317,30.7136280551018,8.04077985452988,"S",348.166666666667,33,17,9.9298306226887
"186","gohal001","Braves","Luiz Gohara",16.5,2,119.795692881596,23.1358356873411,5.46226633860168,"R",51.8333333333333,9,1,6.9061723153555
"187","gomba001","Cardinals","Austin Gomber",36,3,NA,NA,NA,"R",NA,NA,NA,NA
"188","gomej002","Rangers","Jeanmar Gomez",34,10,-17.3236604122341,22.926976421624,-1.13924851542593,"R",118.5,26,1,3.70733276619678
"189","gonss001","Twins","Stephen Gonsalves",76.5,8,NA,NA,NA,"S",NA,NA,NA,NA
"190","gonzg003","Yankees","Gio Gonzalez",87,8,353.2506243319,29.8580753734363,3.62554126645415,"S",314.5,32,17,9.31435131702628
"191","gonzm005","Mariners","Marco Gonzales",369.5,31,399.402063508682,29.4256082909116,6.32699511549581,"S",374.333333333333,29,20,8.25746249876108
"192","gonzm007","Giants","Merandy Gonzalez",12.5,2,NA,NA,NA,"R",NA,NA,NA,NA
"193","gonzm007","Giants","Merandy Gonzalez",30,10,NA,NA,NA,"R",NA,NA,NA,NA
"194","goodn001","Indians","Nick Goody",105,30,63.7217254815031,25.6969549856192,-1.76375117035011,"R",49.8333333333333,12,0,3.9882772244235
"195","gottt001","Giants","Trevor Gott",37,10,60.8270975090102,28.0028233437916,-0.82262667391855,"R",77.5,20,0,3.21949244120053
"196","gracm003","Nationals","Matt Grace",158,40,55.3394591918847,34.6841879865718,-0.0554989780885271,"R",280.833333333333,56,2,3.49115430329402
"197","grayj003","Rockies","Jon Gray",322,26,340.564510239301,28.7432625461503,4.94248479347596,"S",352.166666666667,31,15,10.6813351203026
"198","grays001","Reds","Sonny Gray",320,28,334.80647199567,31.6067742752522,5.27804681474848,"S",252.166666666667,30,16,10.4696865228913
"199","greec003","Yankees","Chad Green",342,70,54.7894670587566,40.9438502778252,-0.784762720095771,"R",411.833333333333,63,8,3.61850635095032
"200","grees005","Tigers","Shane Greene",371.5,65,59.9044297934424,27.2721489310415,-0.917555655683069,"C",355.666666666667,66,3,4.39233338814264
"201","gregl001","Cardinals","Luke Gregerson",239,50,52.4822643774107,25.5971327866045,-0.369565439976819,"R",40.3333333333333,17,0,3.82495888311448
"202","greiz001","Diamondbacks","Zack Greinke",453,31,329.915419430646,34.2406796297279,2.04976070443529,"S",536.833333333333,33,27,6.21140016448522
"203","gselr001","Mets","Robert Gsellman",282,60,60.1186614543717,37.5670027566679,0.988914497863348,"R",386,68,7,4.52704077038932
"204","gudur001","Astros","Reymin Guduan",197,50,49.1201316739,26.4686422264217,-1.39810623297291,"C",13.6666666666667,3,0,3.41700540326262
"205","guerj003","Brewers","Junior Guerra",285,60,339.959845855655,31.9646578846566,6.36902473566143,"S",300.5,31,18,7.90804756235738
"206","guert001","Marlins","Tayron Guerrero",259,60,NA,NA,NA,"R",NA,NA,NA,NA
"207","hadej001","Brewers","Josh Hader",391.5,65,54.2376931031484,45.841319414992,-1.89149444046898,"R",513.666666666667,55,21,5.10808723314746
"208","hallm002","Tigers","Matt Hall",182,31,NA,NA,NA,"R",NA,NA,NA,NA
"209","hamec001","Cubs","Cole Hamels",342,26,406.213393836158,32.2073349529331,8.12213009277561,"S",438.333333333333,32,22,7.679446746332
"210","hamii001","White Sox","Ian Hamilton",164,40,NA,NA,NA,"R",NA,NA,NA,NA
"211","handb001","Indians","Brad Hand",444,70,62.4364251621101,36.6328759416416,0.804610499487734,"C",501,69,12,4.06096094636478
"212","hanhe001","Mets","Eric Hanhold",35,10,NA,NA,NA,"R",NA,NA,NA,NA
"213","happj001","Yankees","J.A. Happ",370.5,29,332.355958415965,33.8361871769492,3.96479553724607,"S",433.833333333333,31,24,8.43992757900381
"214","hardb001","Tigers","Blaine Hardy",121,30,249.780200937643,28.2273245800607,6.37972863189845,"R",224,30,6,5.67095848291473
"215","harrw002","Astros","Will Harris",327.5,65,57.9391693032103,37.9315770435985,1.26751998959168,"R",314.333333333333,61,2,3.97984448351096
"216","hartd002","Dodgers","Donnie Hart",52.5,15,50.0901342205465,26.347820781732,-1.89867810200013,"R",59.6666666666667,20,1,4.16610522533193
"217","harvm001","Angels","Matt Harvey",298.5,28,336.429723129719,28.00727383737,6.22347817580687,"S",298.5,32,14,7.43978026699357
"218","heana001","Angels","Andrew Heaney",394.5,29,346.282189507123,31.0145178456656,3.75622578255322,"S",419,30,21,9.91857655712453
"219","hellj001","Nationals","Jeremy Hellickson",210.5,19,356.301889771342,25.7607932473184,3.22169431091208,"S",180.666666666667,19,7,7.40338462891215
"220","hembh001","Red Sox","Heath Hembree",297,60,43.5343477731889,39.3632050323108,-0.864497958311099,"R",323,67,2,3.98358515674515
"221","hendk001","Cubs","Kyle Hendricks",385,29,371.140322259971,32.0503502639918,4.40101259947037,"S",463.5,33,23,8.00599522832481
"222","hendl001","Athletics","Liam Hendriks",121,30,201.148385733758,26.7987549118841,3.65307993729818,"R",41,25,0,4.44453472130536
"223","hernd002","Reds","David Hernandez",289,60,64.7481185399227,37.9715588326172,1.39891055811651,"R",336,57,5,4.08195209619398
"224","herne002","Marlins","Elieser Hernandez",153,47,NA,NA,NA,"R",NA,NA,NA,NA
"225","hernf002","Mariners","Felix Hernandez",147.5,15,362.436821091745,27.1556928058691,8.04055287461472,"S",250.833333333333,29,11,8.75587612528873
"226","herrk001","White Sox","Kelvin Herrera",301.5,65,60.6555750581007,28.150628082058,-0.586020812944932,"C",264.166666666667,48,1,3.5990689601377
"227","hessd001","Orioles","David Hess",177,21,NA,NA,NA,"S",NA,NA,NA,NA
"228","hickj002","Cardinals","Jordan Hicks",323,60,NA,NA,NA,"R",NA,NA,NA,NA
"229","hildt001","Twins","Trevor Hildenberger",221,50,35.6482790560684,35.9602551906351,-0.158719857569642,"R",341.5,73,2,4.87730072071747
"230","hillr001","Dodgers","Rich Hill",336,24,307.261450861106,27.9064243568966,3.68543868109887,"S",321.333333333333,25,14,8.31279691755985
"231","hillt002","Royals","Tim Hill",219,50,NA,NA,NA,"R",NA,NA,NA,NA
"232","hiray001","Diamondbacks","Yoshihisa Hirano",284,60,NA,NA,NA,"R",NA,NA,NA,NA
"233","hoffj003","Rockies","Jeff Hoffman",48,5,170.877157185839,25.0762253039291,7.5842883934295,"R",9.33333333333333,6,0,7.25539390665598
"234","holdj002","Yankees","Jonathan Holder",214,50,69.3408214454862,33.5670051117244,1.51653321969716,"R",285,60,3,4.36995606471426
"235","holld003","Giants","Derek Holland",292.5,26,340.685889036158,32.3731591286862,7.81093901284174,"S",385.666666666667,36,20,5.9892245981828
"236","hollg001","Diamondbacks","Greg Holland",343.5,65,59.3198931701254,32.863379006887,-0.38420383268915,"R",214.166666666667,56,0,4.48684042651252
"237","holmc001","Pirates","Clay Holmes",99.5,23,NA,NA,NA,"C",NA,NA,NA,NA
"238","housa001","Padres","Adrian Houser",161,36,NA,NA,NA,"C",NA,NA,NA,NA
"239","hu--c002","Indians","Chih-Wei Hu",78.5,22,49.0245147090482,25.1651085997959,-0.192111919661407,"C",42.5,5,1,5.05936974555351
"240","hudsd002","Cardinals","Dakota Hudson",264.5,39,NA,NA,NA,"R",NA,NA,NA,NA
"241","hughj001","Reds","Jared Hughes",285.5,65,94.6106565243762,39.1571927736444,2.64282026179881,"R",407.333333333333,72,7,3.44880838200408
"242","huntt002","Phillies","Tommy Hunter",274.5,55,71.5687413816298,38.7994273424497,1.51602759079922,"R",346,65,2,3.50283577122464
"243","igler001","Reds","Raisel Iglesias",404.5,65,41.6208870906366,27.6542995175399,-1.3113438015381,"C",424,66,2,3.55135484176409
"244","jackl001","Braves","Luke Jackson",83.5,25,32.5332081751366,28.4176281719524,-0.882121271822027,"R",152.333333333333,35,4,5.07714528992931
"245","jansk001","Dodgers","Kenley Jansen",430.5,65,29.4653199704268,27.9874823282407,1.9597695750658,"C",467.833333333333,69,4,3.7976270490848
"246","jeffj001","Brewers","Jeremy Jeffress",189,40,68.6410187991636,40.8605341286318,0.0712006388700729,"R",488.333333333333,73,8,3.47292382561562
"247","jennd003","Angels","Dan Jennings",78.5,25,83.0379126794764,36.6302333151849,1.77956466974576,"R",290.166666666667,72,3,3.83668218578875
"248","jerew001","Angels","Williams Jerez",95,30,NA,NA,NA,"R",NA,NA,NA,NA
"249","jewej001","Angels","Jake Jewell",73.5,25,NA,NA,NA,"R",NA,NA,NA,NA
"250","jimej003","Tigers","Joe Jimenez",317.5,65,55.0248189809191,44.6474297071965,1.82893512924742,"R",395.333333333333,68,5,4.32581910798739
"251","johnb004","Red Sox","Brian Johnson",95,10,200.001335052895,30.3016860791052,6.4702105886297,"R",236.666666666667,38,9,6.6576990421228
"252","johnd005","Rockies","D.J. Johnson",69,20,NA,NA,NA,"R",NA,NA,NA,NA
"253","jonen001","White Sox","Nate Jones",351,60,40.7107324931081,26.0216666611099,0.110785866264972,"R",167,33,0,3.74045502417537
"254","junij001","Royals","Jakob Junis",391,31,326.20891078147,29.3108510922818,3.8028375665,"S",388.5,30,16,7.8268070147396
"255","juraa001","Rangers","Ariel Jurado",100.5,18,NA,NA,NA,"S",NA,NA,NA,NA
"256","kahnt001","Yankees","Tommy Kahnle",164,40,68.3978577845689,27.8824946376479,0.762564258126018,"R",92.6666666666667,24,1,4.61322051745558
"257","kelak001","Pirates","Keone Kela",321,60,48.5132539510416,28.8523207150283,-1.03010645192784,"C",336,54,2,4.07271434014664
"258","kellb003","Royals","Brad Keller",293.5,28,NA,NA,NA,"R",NA,NA,NA,NA
"259","kellj001","Dodgers","Joe Kelly",328.5,65,79.4816944414742,44.3496550313612,-0.857448075909654,"R",376.833333333333,73,2,4.64761094564874
"260","kells001","Rangers","Shawn Kelley",165,40,-19.0753615317851,24.6093304881312,-0.625244351033098,"R",198.5,54,0,2.81308276825908
"261","kennb001","Padres","Brett Kennedy",52.5,15,NA,NA,NA,"S",NA,NA,NA,NA
"262","kenni001","Royals","Ian Kennedy",183.5,45,324.685005511803,26.0783936406807,2.32524631961184,"S",227.833333333333,22,11,9.31819853586647
"263","kersc001","Dodgers","Clayton Kershaw",384,23,324.037747566214,31.9140528162624,3.78234015797139,"S",436.666666666667,26,23,6.48113633594667
"264","kingn001","Pirates","Nick Kingham",177,38,NA,NA,NA,"S",NA,NA,NA,NA
"265","kinlt001","Marlins","Tyler Kinley",205,50,NA,NA,NA,"R",NA,NA,NA,NA
"266","kintb001","Cubs","Brandon Kintzler",149,40,67.0951743168931,37.2341579107317,-0.40186959034526,"R",296.333333333333,70,0,3.95123250711494
"267","klubc001","Indians","Corey Kluber",537,31,364.726095844112,35.7391934625583,4.58596992910811,"S",604.5,33,27,9.88557482630447
"268","knebc001","Brewers","Corey Knebel",107,20,66.9820057268909,37.0048416819062,-0.0581949539794805,"C",365.666666666667,57,9,4.42442297455335
"269","kochm001","Diamondbacks","Matt Koch",32.5,3,364.469956888112,23.8009125155695,11.051928914872,"S",173.333333333333,19,8,8.16852626319709
"270","kolaa001","Rays","Adam Kolarek",185,40,76.6682192529875,31.4436782713052,0.221594370506765,"R",174.166666666667,31,2,4.4324547058301
"271","krehj001","Diamondbacks","Joey Krehbiel",114.5,35,NA,NA,NA,"R",NA,NA,NA,NA
"272","lauee001","Padres","Eric Lauer",274,24,NA,NA,NA,"S",NA,NA,NA,NA
"273","leakm001","Mariners","Mike Leake",381,32,411.236626965914,30.052689321894,5.95857842655837,"S",368.833333333333,31,21,9.44268062804465
"274","leblw001","Mariners","Wade LeBlanc",267,24,330.902696810875,28.8139449055871,4.90986089045401,"S",361,32,15,7.53134876085991
"275","leclj001","Rangers","Jose Leclerc",398.5,65,10.8680957654234,32.7496631857688,-2.06584075272518,"R",376.833333333333,59,3,3.81999687543328
"276","leond003","Cardinals","Dominic Leone",173,40,44.8932129204876,28.6008624206762,-0.869323915958225,"R",108,30,0,3.28575236169366
"277","lestj001","Cubs","Jon Lester",396.5,32,359.271893700988,31.6003996528642,5.86837031513888,"S",394.833333333333,32,20,9.05790654196317
"278","lirif001","Pirates","Francisco Liriano",125.5,35,394.485577614596,28.4394029022132,7.65145588508698,"S",212.833333333333,27,10,8.21035082779148
"279","littz001","Twins","Zack Littell",77.5,22,NA,NA,NA,"R",NA,NA,NA,NA
"280","liveb001","Royals","Ben Lively",49,5,277.170404424569,22.4918901054194,7.02780423383127,"R",50.1666666666667,10,2,8.42631460235006
"281","loaij001","Yankees","Jonathan Loaisiga",117.5,20,NA,NA,NA,"R",NA,NA,NA,NA
"282","lockw001","Mets","Walker Lockett",115,16,NA,NA,NA,"S",NA,NA,NA,NA
"283","lopej004","Royals","Jorge Lopez",267,44,237.701415149616,22.8070971657436,6.0399164791117,"R",101.833333333333,17,3,9.08304100986713
"284","lopep002","Marlins","Pablo Lopez",266.5,23,NA,NA,NA,"S",NA,NA,NA,NA
"285","loper003","White Sox","Reynaldo Lopez",319,29,309.720474114202,27.6940210958314,2.53795687101571,"S",380.333333333333,32,22,10.6562816969961
"286","lopey001","Diamondbacks","Yoan Lopez",155,40,NA,NA,NA,"R",NA,NA,NA,NA
"287","lorem002","Reds","Michael Lorenzen",222.5,52,126.381774182814,32.0974734574838,3.5319497347615,"R",274.5,45,6,4.09428031687271
"288","loupa001","Padres","Aaron Loup",166,40,63.1132263144402,32.4174229569685,-0.229095095084373,"R",193.833333333333,59,0,3.08376835195555
"289","luccj001","Padres","Joey Lucchesi",386.5,29,NA,NA,NA,"S",NA,NA,NA,NA
"290","lugos001","Mets","Seth Lugo",320.5,63,131.536793113338,38.7616805699915,4.49408317689409,"R",424.666666666667,54,12,4.99224493706069
"291","lylej001","Pirates","Jordan Lyles",278.5,39,181.980672089241,29.5690923432685,5.57067101632957,"R",248.833333333333,36,7,7.54083971905187
"292","lynnl001","Rangers","Lance Lynn",298,28,344.263647784446,27.3502324734049,9.32883344548455,"S",293.333333333333,31,17,9.22041913538957
"293","lyont001","Pirates","Tyler Lyons",37,10,53.3046785460024,28.9811065288938,-0.678746324691371,"R",72.3333333333333,27,1,4.18149308944863
"294","maedk001","Dodgers","Kenta Maeda",313,23,259.246179467066,32.6109964477095,4.81600700980468,"S",362.666666666667,39,12,8.28240397617331
"295","magim001","Twins","Matt Magill",148,40,NA,NA,NA,"R",NA,NA,NA,NA
"296","mahlt001","Reds","Tyler Mahle",182,16,343.712044870467,24.4316125843311,5.95101227929441,"S",187,23,11,9.58428276215794
"297","manas001","Athletics","Sean Manaea",54,5,344.97206942258,31.0521018751945,5.55893005450496,"S",348.333333333333,27,18,9.17030921325957
"298","mapld001","Cubs","Dillon Maples",38,10,48.5425389046619,25.337644144961,0.300836874502613,"R",13.6666666666667,9,0,3.87517422945627
"299","marqg001","Rockies","German Marquez",434,31,334.93902025493,32.697103781385,3.31725330714171,"S",497,33,24,9.76732952296077
"300","martc006","Cardinals","Carlos Martinez",337,44,310.861575390143,30.9152559237165,8.4378459943168,"S",317.333333333333,33,11,8.1815855279305
"301","martc007","Rangers","Chris Martin",248,50,NA,NA,NA,"R",NA,NA,NA,NA
"302","matop002","Padres","Phil Maton",88.5,25,54.5102256988211,27.9927331057365,0.070859499524794,"R",171.666666666667,45,2,4.02065723781796
"303","matzs001","Mets","Steven Matz",333.5,28,357.73323073395,30.4392265774528,4.75208887662045,"S",317,30,17,9.16145097176457
"304","may-t001","Twins","Trevor May",321.5,65,NA,NA,NA,"R",NA,NA,NA,NA
"305","mayem001","Cardinals","Mike Mayers",100,30,48.2932092628163,29.8300687101172,-0.416653387937199,"R",205.833333333333,50,1,3.71417124365731
"306","mayzt001","Blue Jays","Tim Mayza",224,50,25.5206990353099,26.3291408928542,-0.24386701176345,"R",139.833333333333,37,0,3.6343385574384
"307","mccak002","Royals","Kevin McCarthy",182.5,45,78.35420587844,34.8373427797953,1.1313548149697,"R",296,65,4,3.5752218866053
"308","mccra001","Dodgers","Adam McCreery",33,10,NA,NA,NA,"C",NA,NA,NA,NA
"309","mcfat001","Diamondbacks","T.J. McFarland",142,40,102.880293598518,29.510833598774,2.91052967532646,"R",260,47,6,4.30938733468331
"310","mcgej001","Rockies","Jake McGee",211,50,48.4197431431629,34.8484188192249,-0.120473378160381,"R",231.666666666667,61,0,4.39813878502183
"311","mcgok002","Nationals","Kyle McGowin",35.5,3,NA,NA,NA,"R",NA,NA,NA,NA
"312","mchuc001","Astros","Collin McHugh",348.5,34,41.5233647455538,39.1806831121049,-0.752327543000773,"R",389.166666666667,58,6,3.6888695586439
"313","meanj001","Orioles","John Means",10.5,2,NA,NA,NA,"R",NA,NA,NA,NA
"314","mejia001","Twins","Adalberto Mejia",156.5,31,338.475769319779,25.5140300765711,4.95740946299533,"S",48.1666666666667,5,3,6.68684446423639
"315","melam001","Giants","Mark Melancon",320.5,65,69.7251679506829,31.0125399851196,0.773336784558937,"R",195.5,41,2,3.74756922120869
"316","mellk001","Reds","Keury Mella",12.5,2,53.5772372633027,20.8265927878771,1.68769178932059,"R",14.6666666666667,4,1,6.85970520908556
"317","mendy001","Rangers","Yohander Mendez",107.5,13,275.221272187138,20.6284017467199,7.58846360771329,"S",35.8333333333333,8,2,9.45475336067055
"318","mengd001","Athletics","Daniel Mengden",152,15,330.000222962147,27.505920829876,6.19616097125557,"S",244.833333333333,22,12,10.5067289874801
"319","middk001","Angels","Keynan Middleton",84.5,25,59.5908994775306,26.0667404593629,0.135281770910685,"C",100.833333333333,16,1,3.48819105724613
"320","mikom001","Cardinals","Miles Mikolas",455,32,NA,NA,NA,"S",NA,NA,NA,NA
"321","milew001","Astros","Wade Miley",241,23,357.151575973428,26.0389499523193,4.9713236971435,"S",163.333333333333,16,7,7.78757319684998
"322","milla002","Cardinals","Andrew Miller",379,60,52.8276948275369,33.624596536919,-0.854011729521336,"R",196,37,3,4.77892995395812
"323","milla003","Cubs","Alec Mills",36.5,3,NA,NA,NA,"R",NA,NA,NA,NA
"324","millj006","Nationals","Justin Miller",233,50,NA,NA,NA,"R",NA,NA,NA,NA
"325","mills001","Rangers","Shelby Miller",241,23,300.142954285225,19.9457140696605,7.44726362864076,"S",10,5,1,9.68102382097174
"326","milot001","Mariners","Tommy Milone",15.5,2,306.23606080237,18.2263588710784,5.31685110160049,"S",56.1666666666667,5,2,8.42994002878365
"327","minaj001","White Sox","Juan Minaya",195.5,45,9.18585871732508,29.30299980393,-0.803749880943437,"R",218.333333333333,52,3,4.52456842770817
"328","minom001","Rangers","Mike Minor",344,29,315.824111828012,26.2298651924217,2.79945324379375,"S",329.5,28,18,7.05742746904944
"329","minta001","Braves","A.J. Minter",350.5,65,62.3226440899232,34.8943602482307,-0.391747234179687,"R",382.666666666667,65,0,3.79762669083021
"330","mitcb001","Padres","Bryan Mitchell",61,20,334.234683192723,21.7386169700765,8.6214795900434,"S",96.5,16,4,8.46303919448607
"331","montf001","Athletics","Frankie Montas",245.5,29,370.119838379115,21.222827920063,10.0999715226449,"S",132.5,13,6,9.35979536265453
"332","montj004","Yankees","Jordan Montgomery",36,3,362.193666081106,23.8924425860553,4.19686221606307,"S",48.6666666666667,6,2,6.57323416648208
"333","montm002","Cubs","Mike Montgomery",379,73,300.29218189776,31.2489624552071,8.36689578370552,"R",272,38,12,5.97064231236923
"334","moorm003","Tigers","Matt Moore",236,24,218.94691077176,28.2984987590384,6.59813542257464,"R",191,39,6,6.9387056809765
"335","morga001","Phillies","Adam Morgan",206.5,45,30.642310818718,35.1621964350252,-0.987411102444909,"R",248.666666666667,67,0,3.79344442612531
"336","moror001","Giants","Reyes Moronta",231,50,36.6690864605676,33.41947480239,0.837440242306072,"R",303.5,69,2,3.90054225651466
"337","morrb001","Cubs","Brandon Morrow",353.5,55,49.3738845433612,25.6030946106575,-0.77405918251456,"C",234.333333333333,35,0,3.42794306411201
"338","mortc002","Rays","Charlie Morton",364.5,26,338.094898533691,32.1176458698594,5.33168877247154,"S",425.5,30,19,9.06652193089344
"339","moyag001","Twins","Gabriel Moya",209,50,146.325973908713,27.4673615713438,1.42990389368341,"R",91.1666666666667,35,1,4.53401914403833
"340","musgh001","Rockies","Harrison Musgrave",83,30,NA,NA,NA,"R",NA,NA,NA,NA
"341","musgj001","Pirates","Joe Musgrove",353.5,28,320.746177855674,26.6789669660021,2.96331178958585,"S",262.666666666667,19,14,7.29312920448023
"342","nerih001","Phillies","Hector Neris",195,40,52.6836302329904,31.3357955248684,-0.667278852686536,"C",277.833333333333,53,1,4.30830618422928
"343","neshp001","Phillies","Pat Neshek",258.5,55,55.6138474818049,28.8973599570657,-0.043322131603127,"R",141.166666666667,30,0,4.04540402704327
"344","neved001","Pirates","Dovydas Neverauskas",77.5,25,67.1501682481595,27.084928491388,0.493543861088016,"R",83.5,25,1,4.56422278483748
"345","newbj001","Royals","Jake Newberry",62,20,NA,NA,NA,"R",NA,NA,NA,NA
"346","newcs001","Braves","Sean Newcomb",263,23,375.625652751135,31.6832660781239,7.88599244339465,"S",331,31,19,10.0034193676065
"347","nicaj001","Phillies","Juan Nicasio",145,40,54.998889859193,37.8408415039508,0.898541328584509,"R",254,46,4,4.98647661249684
"348","nix-j002","Padres","Jacob Nix",75.5,6,NA,NA,NA,"S",NA,NA,NA,NA
"349","nolaa001","Phillies","Aaron Nola",482.5,31,375.707663753566,36.1999925747409,4.38108951567958,"S",599.166666666667,33,29,7.17997062072528
"350","norrb001","Blue Jays","Bud Norris",231,50,37.0920393926209,29.2423024199883,0.169828028014135,"C",356.833333333333,64,4,4.47291769092089
"351","norrd002","Tigers","Daniel Norris",261,24,293.860886801241,23.7411199547607,4.00992678599564,"S",83.1666666666667,11,3,5.1209117717197
"352","norwj001","Cubs","James Norwood",35,10,NA,NA,NA,"R",NA,NA,NA,NA
"353","novai001","White Sox","Ivan Nova",277.5,26,367.274182243054,28.6337481059637,6.66044670504424,"S",318.5,29,17,9.06374524313831
"354","nunov001","Nationals","Vidal Nuno",36,10,31.813484275138,26.0800254833535,-0.539106012974417,"R",122.5,17,6,6.01287086283016
"355","oakst001","Royals","Trevor Oaks",32.5,3,NA,NA,NA,"R",NA,NA,NA,NA
"356","obers001","Rockies","Scott Oberg",294,60,76.1053213249763,35.0938032450809,0.468005065005707,"R",293.333333333333,56,3,4.19846739026617
"357","odayd001","Braves","Darren O'Day",291.5,55,44.6094559419719,26.3180137209301,-0.749052301691907,"R",102,20,0,4.07115082081811
"358","odorj001","Twins","Jake Odorizzi",315.5,29,317.503532694007,28.8613995637267,1.78254261241779,"S",311.166666666667,32,15,8.49252352773754
"359","oh--s001","Rockies","Seung Hwan Oh",313.5,65,31.0738566136128,38.3738247875229,-1.15665548346711,"R",386.166666666667,73,2,3.48763550084795
"360","okers001","Giants","Steven Okert",39,10,45.8123816643558,25.5016736824052,-1.63626279807211,"R",31.6666666666667,10,0,2.6701366312662
"361","olsot002","Indians","Tyler Olson",238,50,49.8011463584789,29.2761579680929,-1.21453838064041,"R",128.666666666667,43,1,3.88542138297039
"362","ortil002","Orioles","Luis Ortiz",56.5,6,NA,NA,NA,"R",NA,NA,NA,NA
"363","osunr001","Astros","Roberto Osuna",422.5,65,67.961802550878,26.4966958949508,-0.0242245201411902,"C",256,38,0,2.90506226356273
"364","oswac001","Mets","Corey Oswalt",36.5,3,NA,NA,NA,"S",NA,NA,NA,NA
"365","oterd001","Indians","Dan Otero",224,50,76.6356452493253,29.9338927392792,0.702115479141436,"R",225.333333333333,61,0,3.29761141499768
"366","ottaa001","Yankees","Adam Ottavino",326.5,65,65.6907687836957,45.8542249929588,0.451924241279428,"R",510.833333333333,75,3,3.65439524471623
"367","pagae001","Rays","Emilio Pagan",138,40,37.0339102659769,31.488711987152,-0.861890325256036,"R",241,55,3,4.0610911900095
"368","pannt001","Blue Jays","Thomas Pannone",80.5,8,NA,NA,NA,"R",NA,NA,NA,NA
"369","parkb001","Twins","Blake Parker",366.5,65,47.6413605877654,31.8652260613975,0.21822348306563,"C",350.166666666667,67,3,3.3464013402079
"370","parsw001","Braves","Wes Parsons",64,17,NA,NA,NA,"R",NA,NA,NA,NA
"371","pauld002","Blue Jays","David Paulino",245,50,37.7257067230615,26.0061370784038,0.420266098205404,"C",30.3333333333333,7,0,1.62446572413483
"372","paxtj001","Yankees","James Paxton",437.5,29,343.088669841668,31.5566815566798,4.91987049192254,"S",425.166666666667,28,19,11.7383458784607
"373","pazoj001","Phillies","James Pazos",166,40,72.5521836553559,37.1214410184989,1.35240320036222,"R",278,60,1,3.4678778848861
"374","peacb001","Astros","Brad Peacock",290,40,65.0131568057114,39.7877647329667,0.953486444961471,"R",357.5,61,6,4.36761867568299
"375","pelhc001","Rangers","C.D. Pelham",97.5,35,NA,NA,NA,"R",NA,NA,NA,NA
"376","penaf002","Angels","Felix Pena",88,8,343.847938199103,26.1762852861982,4.14867395843525,"S",193.333333333333,19,10,9.61118716800519
"377","peraf001","Brewers","Freddy Peralta",285.5,23,NA,NA,NA,"S",NA,NA,NA,NA
"378","peraw001","Royals","Wily Peralta",249.5,55,58.3596162487217,27.8812232941492,2.88434302598416,"C",184.166666666667,37,0,3.19025381216804
"379","peraw002","Reds","Wandy Peralta",99,30,53.7419608629352,31.6354035388168,0.0632077848681958,"R",164.666666666667,59,0,4.21200542196401
"380","perdl002","Padres","Luis Perdomo",51.5,15,388.240689459798,19.8478127187904,6.96105641909886,"S",43.3333333333333,12,1,6.89178010361859
"381","perec004","Astros","Cionel Perez",214,50,NA,NA,NA,"R",NA,NA,NA,NA
"382","perem004","Twins","Martin Perez",232.5,29,394.565113297942,25.8606834854717,10.0920326547915,"S",116.666666666667,22,6,7.85039283276115
"383","pereo002","Indians","Oliver Perez",184,40,27.2176830311112,37.2583230485259,-0.526265803626836,"R",239.166666666667,51,2,3.36518442747746
"384","peted001","Angels","Dillon Peters",67.5,6,314.962262222291,21.5119324618905,7.64415688577908,"S",24.8333333333333,7,3,10.7508459123312
"385","petet001","Mets","Tim Peterson",157,40,NA,NA,NA,"R",NA,NA,NA,NA
"386","petiy001","Athletics","Yusmeiro Petit",255,60,44.5677091610715,37.8951258235725,1.83804716990243,"R",411.5,74,5,3.94613410461833
"387","petrj001","Brewers","Jake Petricka",37,10,71.9467996049273,27.1453313938974,1.88557686912543,"R",158.833333333333,41,1,3.91166000706095
"388","phile001","Orioles","Evan Phillips",169.5,45,NA,NA,NA,"R",NA,NA,NA,NA
"389","piven001","Phillies","Nick Pivetta",382.5,29,381.606076227246,31.9588718570313,6.96950488801152,"S",345,33,19,10.4458983782771
"390","pluta001","Indians","Adam Plutko",139.5,33,NA,NA,NA,"S",NA,NA,NA,NA
"391","pomed001","Giants","Drew Pomeranz",180,16,286.948056445328,25.5757728019435,9.57693711744637,"R",120,26,3,6.16040569204645
"392","poncd001","Cardinals","Daniel Poncedeleon",38.5,3,NA,NA,NA,"R",NA,NA,NA,NA
"393","porcr001","Red Sox","Rick Porcello",394,31,345.165230909605,32.1866634804091,2.59738488756278,"S",431.666666666667,33,21,9.60912482394494
"394","poynb001","Red Sox","Bobby Poyner",218,50,NA,NA,NA,"R",NA,NA,NA,NA
"395","presr001","Astros","Ryan Pressly",329.5,65,48.6225868873235,40.5962285987392,-0.795858745313372,"R",412.5,77,5,3.83949869238882
"396","pricd001","Red Sox","David Price",405,29,325.877193085874,32.5383369271697,3.20368685526847,"S",423,30,21,10.4938040467529
"397","pruia001","Rays","Austin Pruitt",153,40,62.7051013143836,28.9794409061951,-1.23953528072028,"R",217.833333333333,23,10,8.29622832855861
"398","quack001","Dodgers","Kevin Quackenbush",35,10,40.8853159111213,24.7598483562936,0.16130367946098,"R",20.5,10,0,5.85896485190025
"399","quinj001","Cubs","Jose Quintana",379.5,29,351.304979713962,30.906320632981,4.52462422057006,"S",352.166666666667,32,18,8.51169176658734
"400","raint003","Nationals","Tanner Rainey",62,20,NA,NA,NA,"R",NA,NA,NA,NA
"401","ramie004","Red Sox","Erasmo Ramirez",133.5,33,352.39629157119,23.1505499928833,3.68852332072243,"S",54.8333333333333,10,3,9.48828062062893
"402","ramij002","Angels","JC Ramirez",65.5,6,348.180495570333,23.3328395511148,5.60541391003614,"S",-5.66666666666666,2,0,8.72098363463409
"403","ramin001","Indians","Neil Ramirez",246,50,41.5425597222578,34.8034031220189,-0.570509291642621,"R",221.833333333333,47,1,3.84247592516616
"404","ramin002","Angels","Noe Ramirez",111,30,54.6506139018257,32.5567341600609,0.460586265082078,"R",326.666666666667,69,3,4.12492016565444
"405","ramiy001","Orioles","Yefry Ramirez",94.5,23,NA,NA,NA,"S",NA,NA,NA,NA
"406","ramoe002","Phillies","Edubray Ramos",70,20,60.9463089234718,32.5063962989854,-2.13446252648826,"R",219.333333333333,52,0,3.38691228033798
"407","ray-r002","Diamondbacks","Robbie Ray",382.5,28,337.078041906839,30.3144366617584,2.86793760961307,"S",275.833333333333,24,15,6.45637144893589
"408","reeda001","Twins","Addison Reed",256,60,59.9081126576725,32.1435685548194,0.769004612388131,"R",234,55,0,3.55292937525211
"409","reedc002","Reds","Cody Reed",106,10,240.629229493557,24.4861703186288,7.45431865400383,"R",102.5,17,2,5.92348061101069
"410","reids001","Blue Jays","Sean Reid-Foley",99.5,10,NA,NA,NA,"S",NA,NA,NA,NA
"411","reinz001","Tigers","Zac Reininger",87.5,25,35.9848259326435,22.951692466199,-1.68516346825572,"R",47.6666666666667,18,0,3.63304050308038
"412","reyea004","Cardinals","Alex Reyes",254,46,NA,NA,NA,"S",NA,NA,NA,NA
"413","reyej004","Reds","Jesus Reyes",30,10,NA,NA,NA,"R",NA,NA,NA,NA
"414","rhamj001","Mets","Jacob Rhame",72,20,44.9519938841091,25.5664737674634,-0.0861873447641565,"R",106.166666666667,30,0,3.40770013041046
"415","richc002","Blue Jays","Clayton Richard",195.5,19,425.536554051224,26.8822951288781,9.97053822237176,"S",253.333333333333,27,12,9.1806204768168
"416","richt001","Marlins","Trevor Richards",297.5,24,NA,NA,NA,"S",NA,NA,NA,NA
"417","riosy001","Phillies","Yacksel Rios",63,20,47.1656539425541,27.8714323856465,-1.18209378579821,"R",123,36,0,3.63285274235263
"418","rivef001","Pirates","Felipe Vazquez",428.5,65,50.7189679418675,29.4404037667331,0.146356481117022,"C",458,70,7,4.38593911582984
"419","roart001","Reds","Tanner Roark",282,24,386.298943776952,28.732954689324,8.33066188911518,"S",373.166666666667,31,16,8.46295956434944
"420","robed002","Phillies","David Robertson",406.5,65,56.5396521120964,41.9372642502863,-1.4897482657039,"R",423.833333333333,69,3,3.90096721732606
"421","roblh001","Angels","Hansel Robles",218,50,65.6126066398098,35.473826650211,-0.786622149134046,"R",269,53,5,3.90465507271734
"422","rodnf001","Athletics","Fernando Rodney",149,40,41.6352670046429,31.3441371467571,0.526204986545197,"C",385.166666666667,68,2,3.70395922890207
"423","rodoc001","White Sox","Carlos Rodon",315,28,334.125478390364,24.6516618681277,6.73660723678786,"S",225.333333333333,20,13,11.0126721266195
"424","rodrd001","Giants","Dereck Rodriguez",277,24,NA,NA,NA,"S",NA,NA,NA,NA
"425","rodre004","Red Sox","Eduardo Rodriguez",270,21,332.729224720743,31.4408934845153,5.29727666204643,"S",311.833333333333,27,17,8.00971829786434
"426","rodrj005","Indians","Jefry Rodriguez",34,10,NA,NA,NA,"S",NA,NA,NA,NA
"427","rodrr008","Pirates","Richard Rodriguez",314,60,61.3602023821441,34.3917489932997,1.4798124752866,"R",343.666666666667,63,4,4.07833316296961
"428","roe-c001","Rays","Chaz Roe",263,50,78.2807990250611,42.8652387428759,-0.38155910195971,"R",333.166666666667,61,2,4.17902538728994
"429","rogej003","Orioles","Josh Rogers",71,8,NA,NA,NA,"S",NA,NA,NA,NA
"430","roget001","Twins","Taylor Rogers",300,60,59.7894897574394,37.7655227254738,-1.85769624348312,"R",368.166666666667,72,3,3.90345402892593
"431","romas001","Reds","Sal Romano",78.5,22,279.942995477762,28.2020324075471,9.22514344193969,"S",254.833333333333,39,8,7.01097505202286
"432","romef001","Twins","Fernando Romero",166.5,40,NA,NA,NA,"S",NA,NA,NA,NA
"433","romos001","Marlins","Sergio Romo",320.5,65,90.0818731989143,30.8769882063356,1.18681643181166,"C",368.666666666667,73,2,4.5679611685383
"434","rondh001","Astros","Hector Rondon",260.5,55,67.1196113590412,33.9167850924576,0.792616998994949,"R",351.5,63,4,3.99707074002551
"435","rosar002","Cubs","Randy Rosario",32,10,63.9132161391958,29.8712237576035,0.0567743037258107,"R",178.333333333333,44,0,3.89854752109733
"436","rossj002","Nationals","Joe Ross",107,10,314.88075415459,17.4989089096771,2.93161633117689,"S",23,3,1,2.92973263854116
"437","rosst001","Tigers","Tyson Ross",181.5,19,295.53742719493,29.4048145178654,9.19745274158944,"S",312.833333333333,31,14,8.16619485141363
"438","rossz001","Mariners","Zac Rosscup",118,30,32.5400612090919,27.7388419817978,-0.717835618148134,"R",58.6666666666667,17,1,3.38489532184812
"439","ruizj001","White Sox","Jose Ruiz",61,20,36.4029900334906,22.4288741718629,-2.31205658431473,"R",19.1666666666667,6,0,2.61494989683607
"440","rumbn001","Mariners","Nick Rumbelow",36,10,NA,NA,NA,"R",NA,NA,NA,NA
"441","rusic001","Rockies","Chris Rusin",169.5,45,64.7831309843415,31.5170251003269,-0.249485950748089,"R",183.333333333333,49,2,4.20758536043913
"442","ryu-h001","Dodgers","Hyun-Jin Ryu",295.5,23,350.903435983592,26.2591595851739,6.16484530080671,"S",236.166666666667,15,11,8.60044910848991
"443","sabac001","Yankees","CC Sabathia",237,21,340.119637999967,29.8856657762339,6.68566322180946,"S",326.5,29,17,8.24351431055268
"444","sadzc001","Rangers","Connor Sadzeck",212,50,NA,NA,NA,"R",NA,NA,NA,NA
"445","salec001","Red Sox","Chris Sale",556.5,29,322.955896968791,35.0066883932852,-0.0119545441956326,"S",520,27,23,9.01984200845835
"446","samaj001","Giants","Jeff Samardzija",338.5,28,316.422812419716,23.0015459887092,1.98047318862024,"S",38.3333333333333,10,2,6.48645311970063
"447","sanca004","Nationals","Anibal Sanchez",297.5,26,332.084256347805,31.68168551923,3.92672108456137,"S",341.333333333333,25,17,6.29684665350664
"448","sanca006","Blue Jays","Aaron Sanchez",264,26,346.769663362656,25.1034022643834,5.69312809958984,"S",161.5,20,8,7.9336567455824
"449","santd003","Dodgers","Dennis Santana",16.5,2,NA,NA,NA,"R",NA,NA,NA,NA
"450","sante001","White Sox","Ervin Santana",184,18,303.571680186904,18.5680420675152,-0.461766762727464,"S",19.3333333333333,5,0,6.49294488913415
"451","santh001","Mets","Hector Santiago",138,26,107.718057405421,27.1163303483743,5.36091975446438,"C",271,49,10,6.02268795631974
"452","schem001","Nationals","Max Scherzer",617,32,328.335886365076,36.9428946695477,3.32326222530593,"S",699.333333333333,33,30,7.68996925249881
"453","schuj002","Dodgers","Jaime Schultz",36,10,NA,NA,NA,"R",NA,NA,NA,NA
"454","scotr001","Diamondbacks","Robby Scott",35,10,37.8123679235646,23.9062058268828,-0.89221419289767,"R",19.3333333333333,9,0,4.43662506589284
"455","scott003","Orioles","Tanner Scott",222,50,40.085476880816,28.8197876734586,-0.188495734291577,"R",200.666666666667,53,2,4.59588925373266
"456","senza001","Rockies","Antonio Senzatela",285,26,308.668470211877,26.3848227773661,6.15980759387297,"S",189.166666666667,23,7,7.11035109300436
"457","sevel001","Yankees","Luis Severino",434.5,28,363.160377596942,33.5034098816043,4.07777629690644,"S",507.666666666667,32,24,9.00372657814012
"458","sewap001","Mets","Paul Sewald",68,20,50.3875091716323,29.5925703722487,-0.245985697967712,"R",196.166666666667,46,4,5.03390677221026
"459","shawb001","Rockies","Bryan Shaw",220,50,95.2013227443315,37.1584021204612,1.05462180743853,"R",245.333333333333,61,3,4.11484163434926
"460","shefj001","Mariners","Justus Sheffield",237,23,NA,NA,NA,"C",NA,NA,NA,NA
"461","sherj001","Diamondbacks","Jimmie Sherfy",200.5,45,38.5384072633337,26.9191862592064,-2.74537420491057,"R",63.1666666666667,15,2,3.39494644665588
"462","shoem001","Blue Jays","Matt Shoemaker",265,23,318.00863132607,21.9505813356137,4.76896985188638,"S",55.5,7,3,7.35089887603647
"463","shrec001","Cardinals","Chasen Shreve",87.5,25,49.84651257305,33.1038243553218,-1.31914368028077,"R",243.333333333333,60,1,3.78452925007795
"464","simsl001","Reds","Lucas Sims",14.5,2,43.8393553190041,25.6333314615128,0.562579332766182,"R",36.8333333333333,9,1,5.92904287239653
"465","sippt001","Nationals","Tony Sipp",241,50,44.554946841565,34.4786580120849,-1.55354693383068,"R",233.333333333333,54,0,3.05073312353599
"466","skagt001","Angels","Tyler Skaggs",336,28,366.262888388309,28.2775223169061,5.00393440783844,"S",271.666666666667,24,15,10.4733289821238
"467","skoge001","Royals","Eric Skoglund",97,10,353.945935610253,23.1390588411687,5.924258069265,"S",117,14,4,7.89375419628426
"468","slega001","Pirates","Aaron Slegers",47.5,12,277.692672202918,22.6126598556536,8.36818607694042,"R",23.8333333333333,4,2,12.6552397287682
"469","smitc004","Red Sox","Carson Smith",39,10,62.0595275658062,28.8690404828632,-0.690478205331478,"R",85.1666666666667,18,0,3.516134096319
"470","smitc006","Marlins","Caleb Smith",141,11,309.152047652454,26.290449337955,0.685843478317935,"S",157.666666666667,16,10,11.3515988431717
"471","smitj002","Astros","Joe Smith",87.5,25,55.6627142399946,34.387963987684,-0.645481016953096,"R",235.833333333333,56,0,3.5814464477371
"472","smitw002","Giants","Will Smith",418.5,65,NA,NA,NA,"R",NA,NA,NA,NA
"473","snelb001","Rays","Blake Snell",490,32,372.48842611167,35.2487220105117,4.63288655919138,"S",527.333333333333,31,26,8.31474988865403
"474","soboc001","Braves","Chad Sobotka",81.5,25,NA,NA,NA,"R",NA,NA,NA,NA
"475","solis001","Padres","Sammy Solis",21.5,5,39.4654769673498,34.7016792744513,1.13163317373156,"R",192.666666666667,56,1,4.31293902129893
"476","sorij001","Athletics","Joakim Soria",319.5,65,44.4050304620065,32.7387410441582,-0.697675099249175,"R",399.333333333333,66,2,4.02629919542565
"477","sparg001","Royals","Glenn Sparkman",112,25,148.43220414051,22.0432849811168,4.20427405176215,"R",95.1666666666667,15,2,3.83150404938104
"478","sprij001","Rangers","Jeffrey Springs",175,40,NA,NA,NA,"R",NA,NA,NA,NA
"479","stamc001","Padres","Craig Stammen",310.5,65,67.3459750679369,41.3892725860337,1.04943557050221,"R",429.5,73,4,3.93961803033341
"480","stanr002","Rays","Ryne Stanek",195,40,253.127126139,30.2416436185311,5.043510862385,"R",108.166666666667,59,0,4.56236058412932
"481","stecd001","Marlins","Drew Steckenrider",381.5,65,45.6971663986298,36.5808656580952,-0.456693290244976,"R",342.333333333333,71,1,4.22852407209692
"482","stepj002","Reds","Jackson Stephens",35,10,27.4234542534278,26.1232674369936,0.473565866994928,"R",115.166666666667,29,2,4.42487309600047
"483","stepr002","Reds","Robert Stephenson",217.5,52,305.282030476136,17.3443510996023,4.50949445454277,"S",-2.16666666666667,4,0,4.48531554693263
"484","stewb001","Dodgers","Brock Stewart",66,17,165.613985621413,23.0899942066864,4.50981920680057,"R",40.8333333333333,9,1,4.74764399010605
"485","stewk001","Twins","Kohl Stewart",11.5,2,NA,NA,NA,"R",NA,NA,NA,NA
"486","stocr001","Padres","Robert Stock",186.5,45,NA,NA,NA,"R",NA,NA,NA,NA
"487","strac001","Giants","Chris Stratton",211,40,366.817548652396,27.5355510213484,7.44593829775908,"S",245.5,28,12,10.7398472762852
"488","strad003","Marlins","Dan Straily",283,28,326.604265468297,26.0884461045464,3.19735796007436,"S",225.166666666667,23,9,8.02036822993171
"489","stram001","Padres","Matt Strahm",241.5,21,120.989058725759,33.0570591244452,1.60664841768467,"R",260.666666666667,41,4,3.5585501447628
"490","stras001","Nationals","Stephen Strasburg",442.5,29,330.748604364612,29.4607374995186,3.52058715550467,"S",333,22,18,8.07809703801903
"491","strih001","Mariners","Hunter Strickland",176,40,54.3292646656162,26.2991320250205,0.272024554410974,"C",214.666666666667,49,0,4.10340870045417
"492","strir001","Dodgers","Ross Stripling",363.5,51,304.113717790588,31.8424592356342,5.84456854084726,"S",358,33,16,7.57329505432067
"493","strom001","Blue Jays","Marcus Stroman",348.5,29,418.027396533089,25.385695705518,5.78997676596695,"S",159.166666666667,19,7,9.19101851333902
"494","strop001","Cubs","Pedro Strop",316.5,65,69.3913054992245,35.3370079682527,0.779169799089139,"R",364.833333333333,60,1,3.72089985505181
"495","stumd001","Tigers","Daniel Stumpf",225,50,46.6326397766842,31.0575711102634,-0.860894192031213,"R",168.166666666667,56,0,3.44311508467136
"496","suara002","Giants","Andrew Suarez",192.5,16,NA,NA,NA,"S",NA,NA,NA,NA
"497","suarr001","Phillies","Ranger Suarez",12.5,2,NA,NA,NA,"S",NA,NA,NA,NA
"498","suerw002","Nationals","Wander Suero",81.5,25,NA,NA,NA,"R",NA,NA,NA,NA
"499","swara001","Mariners","Anthony Swarzak",385.5,65,57.7331198234302,28.2961161276122,-0.151792232651607,"R",108.166666666667,29,2,5.07335355126741
"500","syndn001","Mets","Noah Syndergaard",453.5,29,329.509885594719,30.2286948166367,5.15577381726783,"S",402.166666666667,25,19,6.95756316429719
"501","tailj001","Pirates","Jameson Taillon",447,32,363.788566919059,32.8862693785086,5.30022010482523,"S",473.5,32,26,8.06678378736179
"502","tanam001","Yankees","Masahiro Tanaka",357,26,355.958635293418,30.0398171546759,5.00906355315524,"S",378,27,17,8.9938250421547
"503","tarps001","Yankees","Stephen Tarpley",119.5,35,NA,NA,NA,"R",NA,NA,NA,NA
"504","taylb002","Indians","Ben Taylor",102,30,51.4797706948003,24.7961967230271,-0.283881782732172,"C",20,6,0,2.37580395749406
"505","tehej001","Braves","Julio Teheran",246.5,23,334.537271404685,30.6975536250483,2.62211638140316,"S",352.833333333333,31,16,8.93383016325596
"506","teper001","Blue Jays","Ryan Tepera",309.5,65,66.9237232199997,37.5199246443984,-0.613903026651714,"R",363.333333333333,68,0,3.90463456744137
"507","thort001","Red Sox","Tyler Thornburg",208,50,NA,NA,NA,"R",NA,NA,NA,NA
"508","tomlj001","Braves","Josh Tomlin",177,16,199.199541296704,26.8673642987807,4.4954557603573,"C",130.166666666667,32,4,5.39827056054093
"509","toust001","Braves","Touki Toussaint",187.5,16,NA,NA,NA,"S",NA,NA,NA,NA
"510","treib001","Athletics","Blake Treinen",408,70,55.2614935867616,30.8701439552224,0.478145171629636,"C",536.166666666667,68,10,3.40693096025508
"511","triga001","Athletics","Andrew Triggs",40.5,3,311.783240987845,22.5812764348192,2.19209674310993,"S",67.6666666666667,9,4,12.2727805315384
"512","trivl001","Athletics","Lou Trivino",332,70,NA,NA,NA,"R",NA,NA,NA,NA
"513","tropn001","Angels","Nick Tropeano",97.5,10,NA,NA,NA,"S",NA,NA,NA,NA
"514","tsenj001","Cubs","Jen-Ho Tseng",13.5,2,309.718678727668,22.0087928031874,-1.06227387721028,"S",-2,1,0,0
"515","tuivs001","Mariners","Sam Tuivailala",83.5,25,66.7994801910357,27.1547818951837,1.11291065762658,"R",139.5,36,0,2.95478492758
"516","turns003","Tigers","Spencer Turnbull",145.5,25,NA,NA,NA,"S",NA,NA,NA,NA
"517","urenj001","Marlins","Jose Urena",305.5,28,372.612075110326,30.572776522746,4.67046727893005,"S",348,31,18,8.39461339492053
"518","uriaj001","Dodgers","Julio Urias",247,26,63.8031189172591,26.8826680302804,1.4346957194281,"C",21,3,1,3.5
"519","valdf001","Astros","Framber Valdez",91,8,NA,NA,NA,"S",NA,NA,NA,NA
"520","vargj001","Mets","Jason Vargas",225.5,19,348.276333652267,26.2447075671671,3.81901314809103,"S",138,20,8,10.6560253937846
"521","vasqa002","Twins","Andrew Vasquez",72,20,NA,NA,NA,"R",NA,NA,NA,NA
"522","velah001","Red Sox","Hector Velazquez",215.5,52,175.073842871685,30.0950520032643,4.63682464283438,"R",246.5,47,3,3.62473571647468
"523","velav001","Phillies","Vince Velasquez",326,26,341.347408490393,29.6020489930951,4.44322455395015,"S",277.333333333333,31,14,9.79969643301319
"524","vendp001","Giants","Pat Venditte",80.5,25,NA,NA,NA,"R",NA,NA,NA,NA
"525","ventj001","Braves","Jonny Venters",218,50,NA,NA,NA,"R",NA,NA,NA,NA
"526","verhd001","Tigers","Drew VerHagen",127,30,84.1462383503704,29.5036512870961,2.62388669535349,"R",192.166666666667,41,3,4.78121252664345
"527","verlj001","Astros","Justin Verlander",572,32,305.91365672136,37.7926265943328,1.52523363943828,"S",678,34,31,8.12961936574447
"528","vieit001","White Sox","Thyago Vieira",111.5,35,29.7806731579302,21.1592919590738,-1.45860279786317,"C",49.8333333333333,16,0,4.76084288755678
"529","vincn001","Giants","Nick Vincent",214,50,59.1450941746097,34.970150631691,-0.927871045683549,"R",272.166666666667,62,0,3.68289300194026
"530","vizca001","Braves","Arodys Vizcaino",372.5,65,63.2514182713784,27.3557850196334,1.24223041198902,"C",236.166666666667,39,1,3.21599014186807
"531","votha001","Nationals","Austin Voth",118.5,32,NA,NA,NA,"R",NA,NA,NA,NA
"532","wachm001","Cardinals","Michael Wacha",261.5,23,347.443204737236,26.8415564306091,2.62884853777637,"S",180.166666666667,15,9,9.18730720922152
"533","waina001","Cardinals","Adam Wainwright",312,41,319.026497351476,22.9400176932627,3.31341414047348,"S",75.1666666666667,8,4,8.61750594604719
"534","waldm002","Red Sox","Marcus Walden",184,50,NA,NA,NA,"C",NA,NA,NA,NA
"535","walkt004","Diamondbacks","Taijuan Walker",132.5,11,331.15165558971,22.1879370098752,3.34147076905378,"S",21.5,3,1,7.0059498523279
"536","warra001","Padres","Adam Warren",203.5,45,50.2868022730249,30.8619945849454,-0.339486036854794,"R",221.833333333333,47,1,3.62377855200006
"537","watst001","Giants","Tony Watson",334.5,65,76.3443108146265,43.9722467931874,0.232579273737836,"R",421,72,1,3.76477267601039
"538","weavl001","Diamondbacks","Luke Weaver",272,23,327.69065714215,27.3241853366742,4.75115236600277,"S",249.166666666667,30,11,8.25968412620139
"539","webbt001","Cardinals","Tyler Webb",70,20,40.0681651570685,25.0297534725236,0.205144181764644,"R",67.1666666666667,22,1,4.48878271630186
"540","websa001","Cubs","Allen Webster",142,50,NA,NA,NA,"R",NA,NA,NA,NA
"541","wendj001","Athletics","J.B. Wendelken",206,50,NA,NA,NA,"R",NA,NA,NA,NA
"542","wickr001","Cubs","Rowan Wick",34,10,NA,NA,NA,"R",NA,NA,NA,NA
"543","wiecb001","Padres","Brad Wieck",135.5,35,NA,NA,NA,"R",NA,NA,NA,NA
"544","wilka003","Padres","Aaron Wilkerson",105.5,23,189.406595432684,23.6085575738021,3.68479194613707,"C",12.5,3,0,5.03322295684717
"545","willa003","Nationals","Austen Williams",66,20,NA,NA,NA,"R",NA,NA,NA,NA
"546","willt002","Pirates","Trevor Williams",268,26,357.501846512347,32.0446782999707,4.93846762968176,"S",364.333333333333,31,20,8.06189838039518
"547","willt003","Brewers","Taylor Williams",156,40,45.8423424099759,32.5732778693909,-1.26573855817436,"R",237.5,56,1,3.97681660959119
"548","wilsb003","Braves","Bryse Wilson",267.5,48,NA,NA,NA,"C",NA,NA,NA,NA
"549","wilsj004","Mets","Justin Wilson",188,40,60.5485120851961,40.3315109733395,-0.516886285604289,"R",320.333333333333,71,1,4.25984610569163
"550","wingt001","Padres","Trey Wingenter",271,60,NA,NA,NA,"R",NA,NA,NA,NA
"551","winkd001","Braves","Dan Winkler",211.5,45,49.78274207052,39.5153173913198,-0.860572072988828,"R",349.166666666667,69,2,4.09736195763085
"552","wislm001","Reds","Matt Wisler",98,30,141.948767837984,25.5705941307158,3.5958980285482,"R",114,18,3,5.99918295090518
"553","wittn001","Indians","Nick Wittgren",36,10,45.4993735793128,26.9802757737524,-0.863240646566284,"R",126.833333333333,32,1,3.34774689518093
"554","wooda002","Reds","Alex Wood",258.5,21,356.218327858216,31.0786843094926,7.84931649031293,"S",349.833333333333,33,19,7.86705280147177
"555","woodb005","Brewers","Brandon Woodruff",270,23,174.968324498623,29.2357886511186,5.23793005185718,"R",148.166666666667,19,4,6.26807976270492
"556","woodh001","Rays","Hunter Wood",164,40,197.444183265386,27.7398909018667,1.82293016553368,"R",115.5,29,1,4.44573650485581
"557","workb001","Red Sox","Brandon Workman",66,20,56.3210040555214,33.013374536006,0.315081703284905,"R",200.666666666667,43,1,3.04116379839647
"558","wrigk001","Braves","Kyle Wright",217,19,NA,NA,NA,"R",NA,NA,NA,NA
"559","wrigm001","Orioles","Mike Wright",182,19,79.1016228631841,28.3649362017079,2.55056026086994,"R",237.166666666667,48,3,4.71373045757128
"560","wrigs001","Red Sox","Steven Wright",242,56,182.558664534914,31.2456693389391,7.49425942789696,"R",177.833333333333,20,7,7.72863495357453
"561","yacaj001","Orioles","Jimmy Yacabonis",102,25,280.361418433436,22.9219369914237,5.95836681483935,"S",65,12,2,6.61895807968339
"562","yarbr001","Rays","Ryan Yarbrough",250,36,NA,NA,NA,"R",NA,NA,NA,NA
"563","yatek001","Padres","Kirby Yates",419.5,65,53.5341412889272,35.6900580575662,-0.783951776010245,"R",403.5,65,2,3.59132234056568
"564","zamod001","Mets","Daniel Zamora",161,40,NA,NA,NA,"R",NA,NA,NA,NA
"565","zimmj003","Tigers","Jordan Zimmermann",291.5,28,335.975558097404,27.4570492264453,2.6825759818494,"S",262.666666666667,25,13,9.11354303587066
"566",NA,"Braves","Jacob Webb",48.5,15,NA,NA,NA,NA,NA,NA,NA,NA
"567",NA,"Angels","Kaleb Cowart",27,10,NA,NA,NA,NA,NA,NA,NA,NA
"568",NA,"Giants","Melvin Adon",9.5,2,NA,NA,NA,NA,NA,NA,NA,NA
"569",NA,"Brewers","Marcos Diplan",26.5,3,NA,NA,NA,NA,NA,NA,NA,NA
"570",NA,"Brewers","Trey Supak",87,18,NA,NA,NA,NA,NA,NA,NA,NA
"571",NA,"Rangers","Edinson Volquez",205.5,23,NA,NA,NA,NA,NA,NA,NA,NA
"572",NA,"Angels","Luis Madero",9.5,2,NA,NA,NA,NA,NA,NA,NA,NA
"573",NA,"Angels","Jose Suarez",16.5,2,NA,NA,NA,NA,NA,NA,NA,NA
"574",NA,"Brewers","Jimmy Nelson",156.5,13,NA,NA,NA,NA,NA,NA,NA,NA
"575",NA,"Angels","Jesus Castillo",74.5,25,NA,NA,NA,NA,NA,NA,NA,NA
"576",NA,"Orioles","Nathan Karns",107,10,NA,NA,NA,NA,NA,NA,NA,NA
"577",NA,"Astros","Brady Rodgers",36.5,3,NA,NA,NA,NA,NA,NA,NA,NA
"578",NA,"Astros","Forrest Whitley",57,5,NA,NA,NA,NA,NA,NA,NA,NA
"579",NA,"Rangers","Kyle Bird",146,40,NA,NA,NA,NA,NA,NA,NA,NA
"580",NA,"Indians","Sam Hentges",17.5,5,NA,NA,NA,NA,NA,NA,NA,NA
"581",NA,"Indians","Cody Anderson",116,25,NA,NA,NA,NA,NA,NA,NA,NA
"582",NA,"Cardinals","Genesis Cabrera",0,0,NA,NA,NA,NA,NA,NA,NA,NA
"583",NA,"Indians","Danny Salazar",204,36,NA,NA,NA,NA,NA,NA,NA,NA
"584",NA,"Astros","Bryan Abreu",32,10,NA,NA,NA,NA,NA,NA,NA,NA
"585",NA,"Orioles","Chris Lee",44.5,15,NA,NA,NA,NA,NA,NA,NA,NA
"586",NA,"Astros","Joshua James",159,13,NA,NA,NA,NA,NA,NA,NA,NA
"587",NA,"Astros","Brendan McCurry",39,10,NA,NA,NA,NA,NA,NA,NA,NA
"588",NA,"Astros","Rogelio Armenteros",14.5,2,NA,NA,NA,NA,NA,NA,NA,NA
"589",NA,"Astros","J.B. Bukauskas",47,5,NA,NA,NA,NA,NA,NA,NA,NA
"590",NA,"Cubs","Kyle Ryan",65,20,NA,NA,NA,NA,NA,NA,NA,NA
"591",NA,"Athletics","James Kaprielian",27,10,NA,NA,NA,NA,NA,NA,NA,NA
"592",NA,"Mariners","Matthew Festa",83.5,25,NA,NA,NA,NA,NA,NA,NA,NA
"593",NA,"Athletics","Grant Holmes",47.5,12,NA,NA,NA,NA,NA,NA,NA,NA
"594",NA,"Mariners","Chasen Bradford",148,40,NA,NA,NA,NA,NA,NA,NA,NA
"595",NA,"Cubs","Adbert Alzolay",12.5,2,NA,NA,NA,NA,NA,NA,NA,NA
"596",NA,"Athletics","Jesus Luzardo",243,19,NA,NA,NA,NA,NA,NA,NA,NA
"597",NA,"Mariners","Brandon Brennan",65,20,NA,NA,NA,NA,NA,NA,NA,NA
"598",NA,"Cubs","Duane Underwood Jr.",12.5,2,NA,NA,NA,NA,NA,NA,NA,NA
"599",NA,"Mariners","Erik Swanson",132.5,18,NA,NA,NA,NA,NA,NA,NA,NA
"600",NA,"Athletics","A.J. Puk",95.5,8,NA,NA,NA,NA,NA,NA,NA,NA
"601",NA,"Athletics","Jharel Cotton",129.5,11,NA,NA,NA,NA,NA,NA,NA,NA
"602",NA,"Cubs","Carl Edwards Jr.",296,60,NA,NA,NA,NA,NA,NA,NA,NA
"603",NA,"Mariners","Ruben Alaniz",279,60,NA,NA,NA,NA,NA,NA,NA,NA
"604",NA,"Cubs","Oscar De La Cruz",33,10,NA,NA,NA,NA,NA,NA,NA,NA
"605",NA,"Blue Jays","Julian Merryweather",34.5,3,NA,NA,NA,NA,NA,NA,NA,NA
"606",NA,"Blue Jays","Jacob Waguespack",45.5,12,NA,NA,NA,NA,NA,NA,NA,NA
"607",NA,"Diamondbacks","Joel Payamps",83.5,25,NA,NA,NA,NA,NA,NA,NA,NA
"608",NA,"Marlins","Julian Fernandez",40.5,15,NA,NA,NA,NA,NA,NA,NA,NA
"609",NA,"Blue Jays","Trent Thornton",125.5,32,NA,NA,NA,NA,NA,NA,NA,NA
"610",NA,"White Sox","Manny Banuelos",141,20,NA,NA,NA,NA,NA,NA,NA,NA
"611",NA,"White Sox","Dylan Cease",53,5,NA,NA,NA,NA,NA,NA,NA,NA
"612",NA,"Marlins","Jordan Yamamoto",40.5,3,NA,NA,NA,NA,NA,NA,NA,NA
"613",NA,"Diamondbacks","Taylor Clarke",14.5,2,NA,NA,NA,NA,NA,NA,NA,NA
"614",NA,"Marlins","Nick Neidert",17.5,2,NA,NA,NA,NA,NA,NA,NA,NA
"615",NA,"Blue Jays","David Phelps",156,40,NA,NA,NA,NA,NA,NA,NA,NA
"616",NA,"Blue Jays","Patrick Murphy",0,0,NA,NA,NA,NA,NA,NA,NA,NA
"617",NA,"Diamondbacks","Taylor Widener",38.5,3,NA,NA,NA,NA,NA,NA,NA,NA
"618",NA,"Blue Jays","Hector Perez",31,10,NA,NA,NA,NA,NA,NA,NA,NA
"619",NA,"Blue Jays","Yennsy Diaz",8.5,2,NA,NA,NA,NA,NA,NA,NA,NA
"620",NA,"Blue Jays","Elvis Luciano",69,30,NA,NA,NA,NA,NA,NA,NA,NA
"621",NA,"Braves","Grant Dayton",56.5,15,NA,NA,NA,NA,NA,NA,NA,NA
"622",NA,"Dodgers","Yadier Alvarez",34,10,NA,NA,NA,NA,NA,NA,NA,NA
"623",NA,"Braves","Huascar Ynoa",30,10,NA,NA,NA,NA,NA,NA,NA,NA
"624",NA,"Orioles","Branden Kline",47.5,15,NA,NA,NA,NA,NA,NA,NA,NA
"625",NA,"Braves","Ian Anderson",13.5,2,NA,NA,NA,NA,NA,NA,NA,NA
"626",NA,"Dodgers","Stetson Allie",27,10,NA,NA,NA,NA,NA,NA,NA,NA
"627",NA,"Braves","Michael Soroka",99,8,NA,NA,NA,NA,NA,NA,NA,NA
"628",NA,"Braves","Patrick Weigel",47.5,15,NA,NA,NA,NA,NA,NA,NA,NA
"629",NA,"Royals","Sam McWilliams",46.5,15,NA,NA,NA,NA,NA,NA,NA,NA
"630",NA,"Rangers","Jordan Romano",129,40,NA,NA,NA,NA,NA,NA,NA,NA
"631",NA,"Nationals","James Bourque",32,10,NA,NA,NA,NA,NA,NA,NA,NA
"632",NA,"Giants","Travis Bergen",121,30,NA,NA,NA,NA,NA,NA,NA,NA
"633",NA,"Rangers","Yoel Espinal",27,10,NA,NA,NA,NA,NA,NA,NA,NA
"634",NA,"Rangers","Wei-Chieh Huang",75.5,25,NA,NA,NA,NA,NA,NA,NA,NA
"635",NA,"Rangers","Brett Martin",47,5,NA,NA,NA,NA,NA,NA,NA,NA
"636",NA,"Padres","Chris Paddack",356.5,24,NA,NA,NA,NA,NA,NA,NA,NA
"637",NA,"Padres","Cal Quantrill",82.5,8,NA,NA,NA,NA,NA,NA,NA,NA
"638",NA,"Giants","Sam Coonrod",34,10,NA,NA,NA,NA,NA,NA,NA,NA
"639",NA,"Red Sox","Travis Lakins",34,10,NA,NA,NA,NA,NA,NA,NA,NA
"640",NA,"Royals","Conner Greene",28,10,NA,NA,NA,NA,NA,NA,NA,NA
"641",NA,"Giants","Sam Wolff",36,10,NA,NA,NA,NA,NA,NA,NA,NA
"642",NA,"Cardinals","Ryan Helsley",35,10,NA,NA,NA,NA,NA,NA,NA,NA
"643",NA,"Mariners","Art Warren",33,10,NA,NA,NA,NA,NA,NA,NA,NA
"644",NA,"Rangers","Drew Smyly",284,24,NA,NA,NA,NA,NA,NA,NA,NA
"645",NA,"White Sox","Jordan Stephens",10.5,2,NA,NA,NA,NA,NA,NA,NA,NA
"646",NA,"Rays","Jose De Leon",94,8,NA,NA,NA,NA,NA,NA,NA,NA
"647",NA,"Dodgers","Josh Sborz",54.5,15,NA,NA,NA,NA,NA,NA,NA,NA
"648",NA,"Orioles","Gabriel Ynoa",113.5,35,NA,NA,NA,NA,NA,NA,NA,NA
"649",NA,"Rays","Ian Gibaut",70,20,NA,NA,NA,NA,NA,NA,NA,NA
"650",NA,"Indians","Triston McKenzie",13.5,2,NA,NA,NA,NA,NA,NA,NA,NA
"651",NA,"Marlins","Zac Gallen",14.5,2,NA,NA,NA,NA,NA,NA,NA,NA
"652",NA,"Rays","Brent Honeywell",166.5,13,NA,NA,NA,NA,NA,NA,NA,NA
"653",NA,"Padres","Gerardo Reyes",18.5,5,NA,NA,NA,NA,NA,NA,NA,NA
"654",NA,"Diamondbacks","Emilio Vargas",12.5,2,NA,NA,NA,NA,NA,NA,NA,NA
"655",NA,"Red Sox","Josh Taylor",33,10,NA,NA,NA,NA,NA,NA,NA,NA
"656",NA,"Mariners","Yusei Kikuchi",290,24,NA,NA,NA,NA,NA,NA,NA,NA
"657",NA,"Royals","Arnaldo Hernandez",34,10,NA,NA,NA,NA,NA,NA,NA,NA
"658",NA,"Pirates","Mitch Keller",138.5,13,NA,NA,NA,NA,NA,NA,NA,NA
"659",NA,"Yankees","Ben Heller",87.5,25,NA,NA,NA,NA,NA,NA,NA,NA
"660",NA,"Giants","Logan Webb",12.5,2,NA,NA,NA,NA,NA,NA,NA,NA
"661",NA,"Orioles","Hunter Harvey",13.5,2,NA,NA,NA,NA,NA,NA,NA,NA
"662",NA,"Cubs","Justin Steele",11.5,2,NA,NA,NA,NA,NA,NA,NA,NA
"663",NA,"Mets","Kyle Dowdy",64,20,NA,NA,NA,NA,NA,NA,NA,NA
"664",NA,"Mariners","Ricardo Sanchez",8.5,2,NA,NA,NA,NA,NA,NA,NA,NA
"665",NA,"Padres","Dinelson Lamet",208.5,16,NA,NA,NA,NA,NA,NA,NA,NA
"666",NA,"Diamondbacks","Jon Duplantier",39.5,3,NA,NA,NA,NA,NA,NA,NA,NA
"667",NA,"Padres","Logan Allen",273,24,NA,NA,NA,NA,NA,NA,NA,NA
"668",NA,"Tigers","Reed Garrett",74.5,25,NA,NA,NA,NA,NA,NA,NA,NA
"669",NA,"Marlins","Nick Anderson",40,10,NA,NA,NA,NA,NA,NA,NA,NA
"670",NA,"Indians","Jean Carlos Mejia",18.5,5,NA,NA,NA,NA,NA,NA,NA,NA
"671",NA,"Royals","Chris Ellis",93,13,NA,NA,NA,NA,NA,NA,NA,NA
"672",NA,"Diamondbacks","Merrill Kelly",238,19,NA,NA,NA,NA,NA,NA,NA,NA
"673",NA,"Diamondbacks","Bo Takahashi",11.5,2,NA,NA,NA,NA,NA,NA,NA,NA
"674",NA,"Rockies","Jesus Tinoco",31.5,3,NA,NA,NA,NA,NA,NA,NA,NA
"675",NA,"Rockies","Rayan Gonzalez",43.5,15,NA,NA,NA,NA,NA,NA,NA,NA
"676",NA,"Red Sox","Darwinzon Hernandez",10.5,2,NA,NA,NA,NA,NA,NA,NA,NA
"677",NA,"Orioles","Dillon Tate",30.5,3,NA,NA,NA,NA,NA,NA,NA,NA
"678",NA,"Royals","Jesse Hahn",33,10,NA,NA,NA,NA,NA,NA,NA,NA
"679",NA,"Rangers","Taylor Hearn",12.5,2,NA,NA,NA,NA,NA,NA,NA,NA
"680",NA,"Rays","Cole Sulser",73,20,NA,NA,NA,NA,NA,NA,NA,NA
"681",NA,"Tigers","Franklin Perez",9.5,2,NA,NA,NA,NA,NA,NA,NA,NA
"682",NA,"Tigers","Matthew Boyd",316,28,NA,NA,NA,NA,NA,NA,NA,NA
"683",NA,"Tigers","Eduardo Jimenez",54,20,NA,NA,NA,NA,NA,NA,NA,NA
"684",NA,"Rockies","Carlos Estevez",67,20,NA,NA,NA,NA,NA,NA,NA,NA
"685",NA,"Padres","Anderson Espinoza",17.5,5,NA,NA,NA,NA,NA,NA,NA,NA
"686",NA,"Mets","Franklyn Kilome",11.5,2,NA,NA,NA,NA,NA,NA,NA,NA
"687",NA,"Rockies","Justin Lawrence",30,10,NA,NA,NA,NA,NA,NA,NA,NA
"688",NA,"Pirates","J.T. Brubaker",12.5,2,NA,NA,NA,NA,NA,NA,NA,NA
"689",NA,"Rays","Colin Poche",79,20,NA,NA,NA,NA,NA,NA,NA,NA
"690",NA,"Marlins","Riley Ferrell",186,50,NA,NA,NA,NA,NA,NA,NA,NA
"691",NA,"Tigers","Beau Burrows",32.5,3,NA,NA,NA,NA,NA,NA,NA,NA
"692",NA,"Royals","Josh Staumont",60,20,NA,NA,NA,NA,NA,NA,NA,NA
"693",NA,"White Sox","Kodi Medeiros",42.5,12,NA,NA,NA,NA,NA,NA,NA,NA
"694",NA,"Marlins","Kyle Keller",38,10,NA,NA,NA,NA,NA,NA,NA,NA
"695",NA,"Marlins","Jose Quijada",69,20,NA,NA,NA,NA,NA,NA,NA,NA
"696",NA,"Rangers","Brock Burke",12.5,2,NA,NA,NA,NA,NA,NA,NA,NA
"697",NA,"Nationals","Trevor Rosenthal",349.5,65,NA,NA,NA,NA,NA,NA,NA,NA
"698",NA,"Phillies","Edgar Garcia",35,10,NA,NA,NA,NA,NA,NA,NA,NA
"699",NA,"Royals","Scott Blewett",30,10,NA,NA,NA,NA,NA,NA,NA,NA
"700",NA,"Phillies","Adonis Medina",12.5,2,NA,NA,NA,NA,NA,NA,NA,NA
"701",NA,"Padres","Pedro Avila",68.5,10,NA,NA,NA,NA,NA,NA,NA,NA
"702",NA,"Mets","Zack Wheeler",374,28,NA,NA,NA,NA,NA,NA,NA,NA
"703",NA,"Pirates","Jesus Liranzo",68.5,25,NA,NA,NA,NA,NA,NA,NA,NA
"704",NA,"Pirates","Luis Escobar",66.5,22,NA,NA,NA,NA,NA,NA,NA,NA
"705",NA,"Padres","Nick Margevicius",35,3,NA,NA,NA,NA,NA,NA,NA,NA
"706",NA,"Red Sox","Denyi Reyes",10.5,2,NA,NA,NA,NA,NA,NA,NA,NA
"707",NA,"White Sox","Zack Burdi",35,10,NA,NA,NA,NA,NA,NA,NA,NA
"708",NA,"Reds","Jimmy Herget",36,10,NA,NA,NA,NA,NA,NA,NA,NA
"709",NA,"Twins","Lewis Thorpe",50.5,12,NA,NA,NA,NA,NA,NA,NA,NA
"710",NA,"Rangers","Jonathan Hernandez",40,5,NA,NA,NA,NA,NA,NA,NA,NA
"711",NA,"Tigers","Gregory Soto",65,18,NA,NA,NA,NA,NA,NA,NA,NA
"712",NA,"Reds","Matt Bowman",68,20,NA,NA,NA,NA,NA,NA,NA,NA
"713",NA,"Royals","Kyle Zimmer",48.5,15,NA,NA,NA,NA,NA,NA,NA,NA
"714",NA,"Twins","Michael Pineda",298.5,24,NA,NA,NA,NA,NA,NA,NA,NA
"715",NA,"Rangers","Joe Palumbo",47.5,12,NA,NA,NA,NA,NA,NA,NA,NA
"716",NA,"Marlins","Jorge Guzman",29,10,NA,NA,NA,NA,NA,NA,NA,NA
"717",NA,"Yankees","Nick Green",70.5,25,NA,NA,NA,NA,NA,NA,NA,NA
"718",NA,"Yankees","Joe Harvey",49.5,15,NA,NA,NA,NA,NA,NA,NA,NA
"719",NA,"Red Sox","Chandler Shepherd",65,20,NA,NA,NA,NA,NA,NA,NA,NA
"720",NA,"Rays","Andrew Moore",10.5,2,NA,NA,NA,NA,NA,NA,NA,NA
"721",NA,"Yankees","Albert Abreu",9.5,2,NA,NA,NA,NA,NA,NA,NA,NA
"722",NA,"Rockies","Jordan Foley",30,10,NA,NA,NA,NA,NA,NA,NA,NA
"723",NA,"Rockies","Ryan Castellani",24.5,3,NA,NA,NA,NA,NA,NA,NA,NA
