"","person.key","Team","Name","fanpoints","G","pred_points_sum","pred_games_count","pred_games_above_count","fanpos","position"
"1","abrej003","White Sox","Jose Abreu",514,150,352.441253865155,83.7819048325134,42.0102415982545,"1B","1B"
"2","adamm002","Nationals","Matt Adams",201,58,307.318336165973,72.865789946012,35.5733954069651,"1B","1B"
"3","adamw002","Rays","Willy Adames",434.5,148,NA,NA,NA,"SS","SS"
"4","adrie001","Twins","Ehire Adrianza",68,23,266.056145910586,68.713118202508,29.9114416153467,"SS","SS"
"5","aguij001","Brewers","Jesus Aguilar",535,150,357.658295886854,91.3356800238368,43.0066320986495,"1B","1B"
"6","ahmen001","Diamondbacks","Nick Ahmed",433.5,148,335.041630295378,82.5963010000203,37.8134570926319,"SS","SS"
"7","albeh001","Orioles","Hanser Alberto",79,30,NA,NA,NA,"3B","SS"
"8","albio001","Braves","Ozzie Albies",535,155,417.038036930139,112.977160166838,46.0152714131457,"2B","2B"
"9","alfaj002","Marlins","Jorge Alfaro",307.5,122,315.147076261203,73.1520224345495,37.5232584960505,"C","C"
"10","alfoa002","Blue Jays","Anthony Alford",47,18,224.965117796893,49.2107067143062,26.1750595529236,"OF","OF"
"11","alleg002","Indians","Greg Allen",122.5,45,253.46727847992,74.1111352802049,29.911038158337,"OF","OF"
"12","alony001","White Sox","Yonder Alonso",468,142,341.271625534615,87.7405262679283,37.7430681002732,"1B","1B"
"13","altha001","Phillies","Aaron Altherr",132,41,309.397082599905,74.2854490734036,33.9997080538553,"OF","OF"
"14","altuj001","Astros","Jose Altuve",553.5,153,320.943282484322,91.4024686038492,38.6151518745237,"2B","2B"
"15","andeb006","Marlins","Brian Anderson",474,153,344.633348930649,89.4788951451585,40.58224028879,"3B","OF"
"16","andet001","White Sox","Tim Anderson",450.5,148,362.950303757416,96.9791583310097,42.0061197686005,"SS","SS"
"17","andre001","Rangers","Elvis Andrus",458.5,150,330.143780894143,88.5484032097278,37.7011469677667,"SS","SS"
"18","andum001","Yankees","Miguel Andujar",487,142,383.497390667248,96.303452093974,42.6837859317081,"3B","3B"
"19","arcio002","Brewers","Orlando Arcia",367.5,133,308.853244154801,74.0338549266454,35.7410368829493,"SS","SS"
"20","arenn001","Rockies","Nolan Arenado",635,155,396.295625580179,107.712384111174,46.3267999430518,"3B","3B"
"21","arroc001","Rays","Christian Arroyo",22.5,8,273.408172269469,62.5271267869246,31.3986149988782,"3B","2B"
"22","astuw001","Twins","Willians Astudillo",131,42,NA,NA,NA,"C","C"
"23","austt001","Twins","Tyler Austin",54,17,261.322583705367,71.1468823259471,31.4316477115787,"1B","1B"
"24","avela001","Giants","Abiatal Avelino",13,5,NA,NA,NA,"2B","SS"
"25","avila001","Diamondbacks","Alex Avila",242,84,254.687674614878,52.9370053184177,29.6938715804358,"C","C"
"26","badeh001","Cardinals","Harrison Bader",426,139,323.796505031271,87.1823114177557,37.9889053529571,"OF","OF"
"27","baezj001","Cubs","Javier Baez",560.5,152,442.139166648562,122.505521466302,49.9096569964756,"2B","2B"
"28","barna001","Dodgers","Austin Barnes",275,91,229.361745260099,56.0923377980398,26.5611605143423,"C","C"
"29","barnt001","Reds","Tucker Barnhart",318,114,326.287604043524,84.2997996948189,38.3812385012501,"C","C"
"30","barrf001","Athletics","Franklin Barreto",160,50,271.726995187513,63.3877635577661,31.6352352752805,"2B","2B"
"31","bauej001","Indians","Jake Bauers",486.5,147,NA,NA,NA,"1B","1B"
"32","beckg001","Tigers","Gordon Beckham",7.5,3,149.778648460427,31.9737117191859,17.3081822753654,"2B","2B"
"33","beckt001","Mariners","Tim Beckham",166,58,323.441732435033,77.6130485064083,38.0921245786899,"SS","SS"
"34","bellc002","Dodgers","Cody Bellinger",590.5,150,436.890677588584,116.705498917557,48.1173895069833,"1B","1B"
"35","bellj005","Pirates","Josh Bell",495.5,147,372.585278802977,92.1241466402534,43.2363401788179,"1B","1B"
"36","beltb001","Giants","Brandon Belt",487.5,145,320.245534773725,79.8645448669823,37.5847286327176,"1B","1B"
"37","benia002","Red Sox","Andrew Benintendi",573,153,401.791643869033,111.06649292113,46.7635645231769,"OF","OF"
"38","bettm001","Red Sox","Mookie Betts",689.5,162,450.634050350792,128.48826134676,50.0876394486544,"OF","OF"
"39","birdg001","Yankees","Greg Bird",139,42,321.299092453366,75.8274339918959,34.9794226689965,"1B","1B"
"40","blacc001","Rockies","Charlie Blackmon",579.5,150,359.653168277082,113.531187682654,43.1468097201067,"OF","OF"
"41","blana002","Reds","Alex Blandino",40,15,NA,NA,NA,"2B","2B"
"42","bogax001","Red Sox","Xander Bogaerts",551.5,153,433.165428868318,104.478336739257,45.9261496404748,"SS","SS"
"43","bonij002","Royals","Jorge Bonifacio",99,33,318.517937597127,72.016391591742,36.9059456829893,"OF","OF"
"44","boted002","Cubs","David Bote",78.5,26,NA,NA,NA,"3B","3B"
"45","bourj002","Angels","Justin Bour",331,97,327.773458392043,80.7521300610145,38.3251302662694,"1B","1B"
"46","branm003","Astros","Michael Brantley",476,142,339.819778124637,98.9640833171081,37.9412836905657,"OF","OF"
"47","braur002","Brewers","Ryan Braun",482,133,293.119992484696,81.5817252032974,34.9026708388613,"OF","OF"
"48","brega001","Astros","Alex Bregman",592.5,155,393.839358311058,109.020174366796,45.1670631818524,"3B","3B"
"49","bricj001","Angels","Jose Briceno",40.5,15,NA,NA,NA,"C","C"
"50","brinl001","Marlins","Lewis Brinson",396.5,142,288.410395772662,75.9258049327902,32.7396297593544,"OF","OF"
"51","brits001","Diamondbacks","Socrates Brito",57.5,19,NA,NA,NA,"OF","OF"
"52","broxk001","Mets","Keon Broxton",128.5,45,248.421822244776,62.4734263198269,27.953470877673,"OF","OF"
"53","brucj001","Mariners","Jay Bruce",376.5,117,325.611973794629,76.9304573273721,35.2977311873396,"OF","OF"
"54","bryak001","Cubs","Kris Bryant",585,155,385.570387988002,99.7925717598696,44.8753955622362,"3B","3B"
"55","buxtb001","Twins","Byron Buxton",400,125,268.809332167941,63.2137728183345,30.7222909748365,"OF","OF"
"56","cabra002","Rangers","Asdrubal Cabrera",490,147,316.795970534571,75.3070617068862,37.6054285538937,"2B","2B"
"57","cabrm001","Tigers","Miguel Cabrera",458.5,133,275.752737240127,54.4290606037684,33.40612918124,"1B","1B"
"58","cabrm002","Pirates","Melky Cabrera",115.5,38,252.601766079104,68.4183736276192,28.2847882127429,"OF","OF"
"59","cainl001","Brewers","Lorenzo Cain",506,150,326.384392081541,96.9913099381494,38.9899051334132,"OF","OF"
"60","calhk001","Angels","Kole Calhoun",479.5,150,312.831587759739,90.8613053238778,37.0391478475213,"OF","OF"
"61","calhw001","Rangers","Willie Calhoun",91.5,28,278.199917329698,67.9973805009273,32.5953303334278,"OF","OF"
"62","camaj001","Braves","Johan Camargo",295,95,342.887947061343,88.2528369640179,38.7157509052077,"3B","3B"
"63","candj002","Tigers","Jeimer Candelario",472.5,150,360.805360572182,94.8053172416933,42.3695605170939,"3B","3B"
"64","canhm001","Athletics","Mark Canha",193.5,60,289.715629168237,73.8511915887847,34.3075731064411,"OF","OF"
"65","canor001","Mets","Robinson Cano",466,142,245.528683755309,60.0982501834543,29.2927243428153,"2B","2B"
"66","carav001","Cubs","Victor Caratini",130,44,272.508713614581,65.4981097046507,30.5704232693363,"C","C"
"67","carpm002","Cardinals","Matt Carpenter",558,148,383.31819481404,113.189065728786,44.8024082688125,"1B","1B"
"68","casac001","Reds","Curt Casali",7.5,3,249.250764962062,56.9021597325033,29.8140017313271,"C","C"
"69","castj006","Twins","Jason Castro",278.5,99,223.450594244621,46.6134543355601,25.9480443505036,"C","C"
"70","casts001","Marlins","Starlin Castro",441.5,152,375.834282787848,88.0708494179829,44.9173725835671,"2B","2B"
"71","castw002","White Sox","Welington Castillo",288.5,99,249.958958175913,56.8810457106379,29.6114915479932,"C","C"
"72","cavej001","Twins","Jake Cave",143,47,NA,NA,NA,"OF","OF"
"73","cervf001","Pirates","Francisco Cervelli",320.5,110,277.97500637415,71.9290245888424,31.1799222597419,"C","C"
"74","cespy001","Mets","Yoenis Cespedes",82.5,24,268.60911404271,70.3902514219368,30.7092613226891,"OF","OF"
"75","chapm001","Athletics","Matt Chapman",555,155,382.217954169865,99.8224596578941,44.8364647664982,"3B","3B"
"76","chirr001","Astros","Robinson Chirinos",274.5,91,256.577993001769,71.9577621687905,30.7385909678646,"C","C"
"77","chisl001","Pirates","Lonnie Chisenhall",233,76,242.406696577084,62.1833451156563,28.3447557930986,"OF","OF"
"78","choij001","Rays","Ji-Man Choi",316.5,100,302.558975673896,75.069946115087,34.0857478786577,"1B","1B"
"79","choos001","Rangers","Shin-Soo Choo",498,148,340.345399466717,104.592465256043,39.2348698468764,"OF","OF"
"80","ciufn001","Rays","Nick Ciuffo",12,6,NA,NA,NA,"C","C"
"81","confm001","Mets","Michael Conforto",554,155,356.071070387106,97.0828051959428,42.2475400470672,"OF","OF"
"82","contw001","Cubs","Willson Contreras",363.5,114,369.11528750464,89.0298007219489,41.590207397577,"C","C"
"83","coopg002","Marlins","Garrett Cooper",145.5,51,233.205221087543,41.0900269047622,27.2401059710171,"1B","OF"
"84","cordf003","Padres","Franchy Cordero",195.5,59,286.965915272282,83.0540657704859,32.9766937665013,"OF","OF"
"85","cordr001","White Sox","Ryan Cordell",6.5,3,NA,NA,NA,"OF","OF"
"86","corrc001","Astros","Carlos Correa",559.5,153,332.847526513319,84.208983822957,38.942647867739,"SS","SS"
"87","cowak001","Angels","Kaleb Cowart",7.5,3,268.424205167383,61.429563631793,29.5318060470266,"2B","3B"
"88","cozaz001","Angels","Zack Cozart",454,145,265.554992180273,60.4293500415297,31.4753191199319,"SS","3B"
"89","cozed001","Phillies","Dylan Cozens",21,7,NA,NA,NA,"OF","OF"
"90","crawb001","Giants","Brandon Crawford",448,152,347.813053353925,84.197540021699,40.5573783599149,"SS","SS"
"91","crawj002","Mariners","J.P. Crawford",328.5,117,264.250114161028,68.8455766076256,30.4835643720781,"3B","SS"
"92","cronc002","Twins","C.J. Cron",397.5,115,372.516088902821,92.7621398270969,43.9086255562597,"1B","1B"
"93","cuevn001","Rockies","Noel Cuevas",110.5,38,NA,NA,NA,"OF","OF"
"94","culbc001","Braves","Charlie Culberson",109.5,39,260.06105944292,64.7798746862163,30.5043395870026,"SS","OF"
"95","dahld001","Rockies","David Dahl",512,142,NA,NA,NA,"OF","OF"
"96","darnt001","Mets","Travis d'Arnaud",147.5,50,198.921578511991,46.8777320084349,23.9856147486067,"C","C"
"97","davic003","Orioles","Chris Davis",383.5,125,294.915303684317,63.6634980970108,34.1935608274418,"1B","1B"
"98","davij006","Mets","J.D. Davis",49,17,245.895223299373,47.2995220196231,28.9374664495876,"3B","3B"
"99","davij007","Blue Jays","Jonathan Davis",32,12,NA,NA,NA,"OF","OF"
"100","davik003","Athletics","Khris Davis",590,157,354.488311327183,104.108656035193,40.4969838010982,"OF","OF"
"101","davim005","Rangers","Matt Davidson",63,20,345.441756360818,75.4200383904062,40.0588473621166,"1B","1B"
"102","davir003","Nationals","Rajai Davis",11.5,5,189.228660356436,48.955574616838,21.7980124106352,"OF","OF"
"103","davit004","Cubs","Taylor Davis",7.5,3,122.673179809355,27.4382142443363,14.158603310348,"C","C"
"104","deana001","Marlins","Austin Dean",275,95,NA,NA,NA,"OF","OF"
"105","dejop001","Cardinals","Paul DeJong",469.5,143,364.473692310907,91.8048029076826,43.2746536470287,"SS","SS"
"106","descd001","Cubs","Daniel Descalso",195,63,290.472805591923,77.8926462442986,33.4857512069566,"2B","2B"
"107","deshd002","Rangers","Delino DeShields",359,117,329.144158962161,95.1962621776675,38.2188566440956,"OF","OF"
"108","desmi001","Rockies","Ian Desmond",417.5,124,310.398912072984,91.9692937346292,36.1884009448939,"1B","1B"
"109","dever001","Red Sox","Rafael Devers",477,133,392.307768134337,91.0723934355378,43.6050435645977,"3B","3B"
"110","diaza003","Astros","Aledmys Diaz",99,32,308.408086906597,80.0873663700427,36.2283056102667,"SS","SS"
"111","diaze005","Pirates","Elias Diaz",108,38,289.299957424649,68.6836989260562,34.105564190097,"C","C"
"112","diazy001","Rays","Yandy Diaz",307,107,268.511637400572,62.4793647890401,31.0421834173162,"3B","1B"
"113","dickc002","Pirates","Corey Dickerson",473.5,142,375.823653216279,95.1513051831223,44.2141377567747,"OF","OF"
"114","dietd001","Reds","Derek Dietrich",105,34,363.031442523981,97.6848846109848,43.1084417377311,"3B","OF"
"115","difow001","Nationals","Wilmer Difo",123,42,288.018926285563,74.7322787953235,33.4528678127207,"2B","2B"
"116","dixob001","Tigers","Brandon Dixon",68.5,23,NA,NA,NA,"1B","1B"
"117","donaj001","Braves","Josh Donaldson",514,133,293.861929867053,75.8865538420697,31.7601673145764,"3B","3B"
"118","dozib001","Nationals","Brian Dozier",465.5,133,368.400828920287,93.1897230331742,41.5823332311037,"2B","2B"
"119","dozih001","Royals","Hunter Dozier",369,128,NA,NA,NA,"1B","1B"
"120","drurb001","Blue Jays","Brandon Drury",247.5,88,275.485011199714,53.0446220475174,31.534006599972,"2B","3B"
"121","dudal001","Royals","Lucas Duda",54,17,293.609120703272,61.9822280873483,35.0195386024415,"1B","1B"
"122","duffm002","Rays","Matt Duffy",238.5,83,NA,NA,NA,"3B","3B"
"123","duggs001","Giants","Steven Duggar",375.5,133,NA,NA,NA,"OF","OF"
"124","duvaa001","Braves","Adam Duvall",155,50,351.568227785425,82.3628256255462,37.64236364591,"OF","OF"
"125","dysoj001","Diamondbacks","Jarrod Dyson",105,35,196.533539447867,67.4949044266883,22.9310781488817,"OF","OF"
"126","eatoa002","Nationals","Adam Eaton",486,147,306.976265421943,80.1163985343156,36.8215222986792,"OF","OF"
"127","encae001","Mariners","Edwin Encarnacion",512,145,277.290735377191,79.5155625470569,31.9523147341391,"1B","1B"
"128","engea001","White Sox","Adam Engel",317.5,122,313.160038107479,77.4733954979591,36.5995896373574,"OF","OF"
"129","escoe001","Diamondbacks","Eduardo Escobar",488.5,148,369.91489422592,93.0050670342657,42.8867190633569,"3B","3B"
"130","farmk001","Reds","Kyle Farmer",106.5,39,215.626533654869,43.9681364441199,25.394630424931,"3B","3B"
"131","fishd001","Astros","Derek Fisher",52,17,236.964526219176,61.0448195616989,27.4981113286798,"OF","OF"
"132","fletd002","Angels","David Fletcher",341.5,127,NA,NA,NA,"2B","2B"
"133","florw001","Diamondbacks","Wilmer Flores",486.5,144,318.688453301293,63.3641798535698,38.1542718807806,"1B","1B"
"134","flowt001","Braves","Tyler Flowers",246.5,87,270.728373681542,58.0081351017958,31.8548995811045,"C","C"
"135","forsl001","Rangers","Logan Forsythe",80,27,291.54128438832,65.6396995933666,33.6538479131197,"2B","2B"
"136","fowld001","Cardinals","Dexter Fowler",272,84,295.839637066044,80.5716877265772,32.6944400286178,"OF","OF"
"137","fowld002","Athletics","Dustin Fowler",100,32,264.642057929644,67.6358709057,31.9761374467835,"OF","OF"
"138","franm004","Phillies","Maikel Franco",470.5,140,338.969848830036,82.7174105807838,38.3429178135697,"3B","3B"
"139","fraza001","Pirates","Adam Frazier",447.5,145,332.712568543362,89.2567163005743,38.7214007761947,"2B","2B"
"140","frazc001","Yankees","Clint Frazier",34.5,10,274.207296283394,54.7579022729941,31.5095929128222,"OF","OF"
"141","frazt001","Mets","Todd Frazier",322,102,311.726084297118,84.2081746430541,34.8083306510822,"3B","3B"
"142","freed001","Dodgers","David Freese",152.5,52,271.74166208373,62.1567681011745,31.5859277843861,"1B","3B"
"143","freef001","Braves","Freddie Freeman",604.5,157,383.562606759215,99.6457843656121,45.9405373434927,"1B","1B"
"144","freid001","Mariners","David Freitas",107.5,41,215.364949453163,42.575056713204,24.5784301134892,"C","C"
"145","galer002","Dodgers","Rocky Gale",3.5,1,88.5207070597432,15.6035925550976,10.5833009380951,"C","C"
"146","gallc001","Royals","Cam Gallagher",56.5,23,248.724541549006,46.8366564620489,28.7747277326127,"C","C"
"147","gallj002","Rangers","Joey Gallo",587.5,143,389.034027347936,110.154507498197,45.2229441402712,"1B","OF"
"148","galvf001","Blue Jays","Freddy Galvis",282.5,100,340.673766750622,88.1634222730635,37.7522867229883,"SS","SS"
"149","gameb001","Brewers","Ben Gamel",88,29,296.067538156344,73.4284055649845,33.4465310919865,"OF","OF"
"150","garca003","Rays","Avisail Garcia",210,67,329.132588717952,88.3779144971452,38.6610946866665,"OF","OF"
"151","garca005","Cardinals","Adolis Garcia",15.5,5,NA,NA,NA,"OF","OF"
"152","garca006","Giants","Aramis Garcia",30.5,12,NA,NA,NA,"C","1B"
"153","garcg002","Padres","Greg Garcia",114.5,43,221.344831958787,54.8199384947455,25.5750825763902,"2B","2B"
"154","garcl004","White Sox","Leury Garcia",124.5,45,270.056723872399,76.762736986323,31.8470135783569,"OF","OF"
"155","garvm001","Twins","Mitch Garver",125,41,295.795341232627,66.2380343279841,34.7993652461224,"C","C"
"156","genns001","Reds","Scooter Gennett",239,73,393.473180100138,111.381747624636,44.291790815403,"2B","2B"
"157","goldp001","Cardinals","Paul Goldschmidt",597,157,379.817689411727,100.110500807139,45.4709041872151,"1B","1B"
"158","gomec002","Mets","Carlos Gomez",84.5,32,310.970285133499,83.6990727952421,36.2309932386638,"OF","OF"
"159","gomey001","Nationals","Yan Gomes",213,73,309.515085941447,73.7735342093704,34.9319249548436,"C","C"
"160","gonzc001","Indians","Carlos Gonzalez",426.5,125,338.497276303154,91.845581689044,39.4454347571116,"OF","OF"
"161","gonze004","Pirates","Erik Gonzalez",371.5,134,228.612110707708,51.1915390797419,26.427285949724,"2B","2B"
"162","gonzm002","Twins","Marwin Gonzalez",385.5,118,343.21342134305,88.6003932993276,38.5702368512235,"1B","OF"
"163","goodb001","Royals","Brian Goodwin",352.5,120,273.710430886,72.0262442938452,29.1422498758581,"OF","OF"
"164","goodn002","Tigers","Niko Goodrum",432.5,145,311.212238705072,82.8334542606718,36.6930696852908,"2B","2B"
"165","gorda001","Royals","Alex Gordon",420.5,148,271.702348187036,75.5342884288295,32.2927084032587,"OF","OF"
"166","gordd002","Mariners","Dee Gordon",431,153,315.36732898824,91.0334666220601,37.1175082711975,"2B","2B"
"167","goret001","Royals","Terrance Gore",4,2,70.5005581077053,30.1006410238773,7.80026621044052,"OF","OF"
"168","granc001","Marlins","Curtis Granderson",389,124,300.56004207843,76.9957210854018,32.7120166616558,"OF","OF"
"169","grany001","Brewers","Yasmani Grandal",401.5,114,370.911637304266,95.7716849360554,42.2645343695582,"C","C"
"170","gregd001","Yankees","Didi Gregorius",234.5,70,348.871049827329,100.883751974136,39.5362817446203,"SS","SS"
"171","greig001","Tigers","Grayson Greiner",306.5,114,NA,NA,NA,"C","C"
"172","gricr001","Blue Jays","Randal Grichuk",472,130,369.022806675929,95.6205995101828,42.6170960603487,"OF","OF"
"173","grosr001","Athletics","Robbie Grossman",189.5,62,331.826519804102,82.6167328455285,37.4800549376643,"OF","OF"
"174","guill001","Mets","Luis Guillorme",29,12,NA,NA,NA,"2B","3B"
"175","gurry001","Astros","Yuli Gurriel",419,133,304.003447454218,80.9526732439879,33.2341778368882,"1B","1B"
"176","guzmr001","Rangers","Ronald Guzman",413.5,133,NA,NA,NA,"1B","1B"
"177","gyorj001","Cardinals","Jedd Gyorko",192.5,61,322.924903442039,75.3924736028164,37.7388547724372,"3B","3B"
"178","haase001","Indians","Eric Haase",20,8,NA,NA,NA,"C","C"
"179","hamib001","Royals","Billy Hamilton",422.5,142,319.291076082548,94.7038294428916,36.5872514270307,"OF","OF"
"180","hampg001","Rockies","Garrett Hampson",215.5,66,NA,NA,NA,"2B","SS"
"181","hanim001","Mariners","Mitch Haniger",524,153,358.458325434448,96.3192311130882,42.1419298301161,"OF","OF"
"182","hansa001","Giants","Alen Hanson",49.5,17,259.858049615924,71.226130912699,30.0342386255674,"2B","2B"
"183","happi001","Cubs","Ian Happ",363,106,380.213546020961,98.4103420038259,43.5376911452183,"OF","OF"
"184","harpb003","Phillies","Bryce Harper",631,148,380.355160298443,108.504288507352,45.0906089128907,"OF","OF"
"185","harrj002","Tigers","Josh Harrison",384.5,133,287.74584293353,74.6751439337297,34.5566822508945,"2B","2B"
"186","healr001","Mariners","Ryon Healy",330,108,316.191434239306,73.1833837035791,36.8397883963534,"1B","1B"
"187","hecha001","Mets","Adeiny Hechavarria",32.5,12,268.796573388012,60.2064374824169,31.5949805525982,"SS","SS"
"188","hedga001","Padres","Austin Hedges",214.5,73,313.976505715637,75.1807951660178,36.0875928570972,"C","C"
"189","hereg002","Rays","Guillermo Heredia",86.5,33,249.730276069521,60.8599030461222,28.4093207730903,"OF","OF"
"190","hermm001","Angels","Michael Hermosillo",120.5,43,NA,NA,NA,"OF","OF"
"191","hernc005","Phillies","Cesar Hernandez",476,153,323.307004891757,99.8960029380624,38.5841714368112,"2B","2B"
"192","herne001","Dodgers","Enrique Hernandez",478,139,296.067298645242,81.5886832722968,34.8006427630031,"OF","OF"
"193","hernt002","Blue Jays","Teoscar Hernandez",357.5,108,333.335272266766,86.8300844345132,39.4200197443791,"OF","OF"
"194","herrc001","Athletics","Chris Herrmann",67,23,201.926264321271,43.6543380453529,23.3982912726159,"C","C"
"195","herro001","Phillies","Odubel Herrera",344.5,108,345.366315464354,94.9687884070193,41.3256027638278,"OF","OF"
"196","herrr002","Marlins","Rosell Herrera",72.5,29,NA,NA,NA,"OF","OF"
"197","heywj001","Cubs","Jason Heyward",387,125,346.70325937966,96.6318504001705,39.6988449739577,"OF","OF"
"198","hicka001","Yankees","Aaron Hicks",512,142,296.828610196386,95.040675528127,36.0446254927627,"OF","OF"
"199","hickj001","Tigers","John Hicks",228,79,262.447648167533,65.5920534461428,31.5944805380193,"C","1B"
"200","higak001","Yankees","Kyle Higashioka",20,8,215.994579930987,49.9248515408916,25.1560771416701,"C","C"
"201","holtb002","Red Sox","Brock Holt",178.5,60,241.348107068034,60.554834754414,28.5382941653055,"2B","2B"
"202","hoskr001","Phillies","Rhys Hoskins",598,155,357.887035989952,94.8395095995636,42.5667581695003,"OF","OF"
"203","hosme001","Padres","Eric Hosmer",514,155,351.04133957627,90.5182169667427,40.9405451651028,"1B","1B"
"204","hundn001","Athletics","Nick Hundley",89,30,240.872889426277,58.7948459647394,28.432875547506,"C","C"
"205","iannc001","Rockies","Chris Iannetta",237.5,76,251.794610173569,56.1551928591197,29.8356081654728,"C","C"
"206","iglej001","Reds","Jose Iglesias",141.5,52,325.503186634762,83.4673715259461,38.0462164909811,"SS","SS"
"207","incie001","Braves","Ender Inciarte",467,153,360.4609775435,105.668489920982,42.5680420341537,"OF","OF"
"208","jankt001","Padres","Travis Jankowski",68,24,307.301704851054,87.8847473671391,35.9773730908334,"OF","OF"
"209","jansd001","Blue Jays","Danny Jansen",332,107,NA,NA,NA,"C","C"
"210","jay-j001","White Sox","Jon Jay",150,57,304.917185123955,86.7651095840447,36.7007985044394,"OF","OF"
"211","jonea003","Diamondbacks","Adam Jones",327,108,325.309319654904,80.5575259906769,37.4560189245147,"OF","OF"
"212","jonej006","Tigers","JaCoby Jones",374.5,133,306.561262811842,80.4507521018651,35.8009603925544,"OF","OF"
"213","joner005","Giants","Ryder Jones",4.5,2,245.870500299876,67.7592845947394,28.7837913825932,"1B","1B"
"214","josec002","Diamondbacks","Caleb Joseph",20.5,8,224.82468668234,53.1544128548014,26.4315861982552,"C","C"
"215","judga001","Yankees","Aaron Judge",597.5,147,396.188739733283,100.010445433335,46.6490327950261,"OF","OF"
"216","kangj001","Pirates","Jung Ho Kang",418.5,127,NA,NA,NA,"3B","3B"
"217","kellc002","Diamondbacks","Carson Kelly",153,53,261.407933208571,56.8359253595462,29.6430037854728,"C","C"
"218","kempm001","Reds","Matt Kemp",151.5,45,327.832731136217,81.397679811415,37.7556107324651,"OF","OF"
"219","kempt001","Astros","Tony Kemp",214,72,231.580026522686,68.6720918519693,27.2578408523013,"OF","OF"
"220","kendh001","Nationals","Howie Kendrick",120.5,40,258.621071421365,58.3712727592017,30.2020840653684,"2B","2B"
"221","keplm001","Twins","Max Kepler",497.5,147,358.412369203871,98.9910337309201,41.1234959635014,"OF","OF"
"222","kiebs001","Nationals","Spencer Kieboom",7.5,3,NA,NA,NA,"C","C"
"223","kierk001","Rays","Kevin Kiermaier",450,145,338.843978977841,97.4951470383497,38.5540422650655,"OF","OF"
"224","kinei001","Rangers","Isiah Kiner-Falefa",124,45,NA,NA,NA,"C","3B"
"225","kings001","Phillies","Scott Kingery",235.5,81,NA,NA,NA,"SS","SS"
"226","kinsi001","Padres","Ian Kinsler",277,90,278.377029230228,76.5086726143451,33.3007511596397,"2B","2B"
"227","kipnj001","Indians","Jason Kipnis",467.5,147,296.018508249103,83.3294342052845,33.5104469649566,"2B","2B"
"228","knapa001","Phillies","Andrew Knapp",64.5,23,257.118518723317,58.653226558368,29.8363576659196,"C","C"
"229","kramk001","Pirates","Kevin Kramer",53,19,NA,NA,NA,"2B","3B"
"230","krate001","Giants","Erik Kratz",49,18,169.697509617782,35.9801043222002,20.9848385444972,"C","C"
"231","lagaj001","Mets","Juan Lagares",100.5,38,199.32250330538,43.597990095522,23.5938662208949,"OF","OF"
"232","lambj001","Diamondbacks","Jake Lamb",487,142,314.622646524169,75.6592534234249,37.1997700668879,"3B","3B"
"233","lastt001","Angels","Tommy La Stella",127,47,178.18463805748,37.9847493804107,21.5533876894174,"2B","3B"
"234","laurr001","Athletics","Ramon Laureano",400.5,125,NA,NA,NA,"OF","OF"
"235","lemad001","Yankees","DJ LeMahieu",379,122,345.169955172859,93.855669603814,39.2116725389175,"2B","2B"
"236","leons001","Red Sox","Sandy Leon",124.5,46,269.552074219501,54.0640272377853,31.4439147273129,"C","C"
"237","lin-t001","Red Sox","Tzu-Wei Lin",9.5,3,231.947413085773,49.7669209221241,26.5820743071175,"SS","SS"
"238","lindf001","Indians","Francisco Lindor",565,145,426.915029425554,127.956778730056,48.8578991439731,"SS","SS"
"239","lobaj001","Mariners","Jose Lobaton",12,5,167.976552780115,31.2787031438459,19.5429171096952,"C","C"
"240","locat001","Diamondbacks","Tim Locastro",8.5,3,149.729310056464,36.477333211244,17.1173946634157,"OF","OF"
"241","longe001","Giants","Evan Longoria",454,150,304.141273895778,76.8210729163196,35.7861847353812,"3B","3B"
"242","loweb001","Rays","Brandon Lowe",187.5,58,NA,NA,NA,"2B","2B"
"243","lowrj001","Mets","Jed Lowrie",385.5,127,316.726379257295,85.7553956659695,37.6261709853737,"2B","2B"
"244","lucrj001","Angels","Jonathan Lucroy",254,91,280.454199710993,73.0494896893922,31.5692846127309,"C","C"
"245","lugod001","Tigers","Dawel Lugo",6.5,3,NA,NA,NA,"2B","2B"
"246","luplj001","Indians","Jordan Luplow",241,75,250.026327149203,62.7298339828593,29.2084299902645,"OF","OF"
"247","machm001","Padres","Manny Machado",574.5,153,397.22591471103,109.128565199529,45.7143768048902,"3B","SS"
"248","mahtm001","Tigers","Mikie Mahtook",241.5,80,256.538452093988,66.6596252063179,30.3980021931336,"OF","OF"
"249","maill001","Blue Jays","Luke Maile",58.5,23,280.586713712909,62.5875726565087,32.892028713721,"C","C"
"250","maldm001","Royals","Martin Maldonado",271.5,107,282.129520800139,61.6713285226588,33.0703355605401,"C","C"
"251","manct001","Orioles","Trey Mancini",480.5,148,382.165250323639,89.7634585551195,44.9306054408406,"1B","OF"
"252","margm001","Padres","Manuel Margot",316.5,107,363.225487260696,89.5926927308816,41.3452151053272,"OF","OF"
"253","marij002","Astros","Jake Marisnick",156,50,253.496766788602,64.7233121035619,29.6229120598432,"OF","OF"
"254","markn001","Braves","Nick Markakis",451.5,150,352.055008456095,96.8620948130644,39.3984485725321,"OF","OF"
"255","martj006","Red Sox","J.D. Martinez",647.5,155,385.647266154885,105.353933969845,43.749416121265,"OF","OF"
"256","martj008","Cardinals","Jose Martinez",363,111,333.517536427873,84.9139806765891,40.3567865830458,"1B","1B"
"257","martk001","Diamondbacks","Ketel Marte",387.5,118,333.820862912787,93.369330022665,39.0361236583527,"2B","2B"
"258","martl004","Indians","Leonys Martin",359.5,117,284.568058301479,85.537477809018,32.8947451150096,"OF","OF"
"259","martn003","Athletics","Nick Martini",147,52,NA,NA,NA,"OF","OF"
"260","martr004","Dodgers","Russell Martin",159,53,198.143961686847,54.765420460931,23.7288079287781,"C","C"
"261","marts002","Pirates","Starling Marte",513.5,153,353.460874156204,105.274016014555,40.941094172307,"OF","OF"
"262","mathj001","Rangers","Jeff Mathis",216.5,91,197.894445047494,39.1545227551793,23.146313955917,"C","C"
"263","mazan001","Rangers","Nomar Mazara",486,145,378.805329329339,106.143625657171,43.9832950319827,"OF","OF"
"264","mccab002","Braves","Brian McCann",183,61,197.60319265135,48.4667211536913,23.9250349563259,"C","C"
"265","mccaj001","White Sox","James McCann",116.5,46,301.028263686562,67.2753584907092,33.9918911650731,"C","C"
"266","mccua001","Phillies","Andrew McCutchen",513.5,142,320.83501815072,88.6497954535107,38.1765053101978,"OF","OF"
"267","mcgur002","Blue Jays","Reese McGuire",61.5,23,NA,NA,NA,"C","C"
"268","mckib001","Blue Jays","Billy McKinney",314,100,NA,NA,NA,"OF","OF"
"269","mcmar001","Rockies","Ryan McMahon",454.5,139,243.640421265129,59.0968320396887,28.6131280583614,"1B","1B"
"270","mcnej002","Mets","Jeff McNeil",401,127,NA,NA,NA,"2B","2B"
"271","meada001","Rays","Austin Meadows",423,130,NA,NA,NA,"OF","OF"
"272","mejif001","Padres","Francisco Mejia",225.5,80,272.405159763233,73.8973432749931,29.3203508391956,"C","C"
"273","mercj002","Tigers","Jordy Mercer",325,117,291.505874809051,65.8230222305947,34.1275803130522,"SS","SS"
"274","merrw001","Royals","Whit Merrifield",488,152,375.101415751946,103.855373721701,44.287252606809,"2B","2B"
"275","mesod001","Mets","Devin Mesoraco",20.5,8,254.538032687246,59.7550214051069,30.0726454255114,"C","C"
"276","moliy001","Cardinals","Yadier Molina",346.5,118,282.778841326847,78.092641868222,31.8072910873558,"C","C"
"277","moncy001","White Sox","Yoan Moncada",489.5,152,401.456084163918,107.338917815138,45.9191384051354,"2B","2B"
"278","mondr003","Royals","Adalberto Mondesi",544,155,291.266084735516,90.0655759438618,34.5557529710219,"2B","SS"
"279","morac001","Pirates","Colin Moran",153.5,50,298.373374381656,72.281725323624,33.1936651957894,"3B","3B"
"280","morem001","Red Sox","Mitch Moreland",271,83,330.480398813659,78.6989620534958,37.1276912382431,"1B","1B"
"281","morom001","Indians","Max Moroff",147.5,48,241.618656392441,58.3686410688825,28.0569358040748,"2B","2B"
"282","mousm001","Brewers","Mike Moustakas",520,145,337.192414170602,90.8038972092065,40.7860493399948,"3B","3B"
"283","muncm001","Dodgers","Max Muncy",504.5,140,NA,NA,NA,"1B","1B"
"284","munoy001","Cardinals","Yairo Munoz",183,62,NA,NA,NA,"SS","SS"
"285","murpd006","Rockies","Daniel Murphy",547.5,147,297.507235829679,77.8261511392511,35.5509850437184,"2B","2B"
"286","murpt002","Rockies","Tom Murphy",45.5,15,255.212114913262,54.1815403006951,29.7683484225136,"C","C"
"287","myerw001","Padres","Wil Myers",516.5,147,364.53969585869,88.5375698759823,41.3780558558701,"1B","OF"
"288","naqut001","Indians","Tyler Naquin",347.5,115,226.375959296178,58.5641288343003,26.7435818692338,"OF","OF"
"289","narvo001","Mariners","Omar Narvaez",289.5,107,285.854887639667,70.9927068988994,33.6975219754791,"C","C"
"290","negrk001","Mariners","Kristopher Negron",19,7,146.45757629371,37.5867651487517,17.1045345902126,"OF","OF"
"291","newmk001","Pirates","Kevin Newman",156.5,58,NA,NA,NA,"2B","SS"
"292","nidot001","Mets","Tomas Nido",7.5,3,262.098678537461,47.8989493774915,30.2812507331123,"C","C"
"293","nimmb001","Mets","Brandon Nimmo",377.5,117,367.71088702372,94.6214652727823,43.5202516743903,"OF","OF"
"294","nottj001","Padres","Jacob Nottingham",5.5,3,NA,NA,NA,"C","C"
"295","nunee002","Red Sox","Eduardo Nunez",134.5,43,274.373944950809,62.7865681682072,32.6559496279761,"2B","2B"
"296","nuner001","Orioles","Renato Nunez",292.5,93,267.490772169414,55.9720211979002,31.7861759252303,"3B","3B"
"297","obrip002","Marlins","Peter O'Brien",271,92,NA,NA,NA,"1B","1B"
"298","odorr001","Rangers","Rougned Odor",513,152,402.52631738226,110.96734190276,44.9518929323241,"2B","2B"
"299","ohear001","Royals","Ryan O'Hearn",439,138,NA,NA,NA,"1B","1B"
"300","olsom001","Athletics","Matt Olson",481,133,380.85602445423,100.69449111977,44.1525002093808,"1B","1B"
"301","oneit001","Cardinals","Tyler O'Neill",89,24,NA,NA,NA,"OF","OF"
"302","osunj001","Pirates","Jose Osuna",31.5,10,265.120871522116,54.4600108511385,30.6197032828742,"1B","1B"
"303","owinc001","Royals","Chris Owings",279,97,323.226407659288,73.1323964305301,36.6532230846295,"SS","OF"
"304","ozunm001","Cardinals","Marcell Ozuna",522,150,354.235300719956,97.0896998037854,39.6173717378677,"OF","OF"
"305","palkd001","White Sox","Daniel Palka",341.5,103,NA,NA,NA,"OF","OF"
"306","panij002","Giants","Joe Panik",399,133,287.906561688268,73.0817736750463,33.9833459928524,"2B","2B"
"307","parrg001","Giants","Gerardo Parra",324.5,118,283.947258560114,75.2959955245131,33.779809809411,"OF","OF"
"308","pears001","Red Sox","Steve Pearce",276.5,82,257.281915522342,63.1513848918472,28.2807346440472,"1B","1B"
"309","pedej001","Dodgers","Joc Pederson",356.5,96,366.865614193561,99.927567501221,42.7300379896114,"OF","OF"
"310","pedrd001","Red Sox","Dustin Pedroia",395,132,152.892123353066,25.7511734222412,18.1061892250177,"2B","2B"
"311","pench001","Rangers","Hunter Pence",192.5,65,245.705543609802,54.318665693684,28.57052273691,"OF","OF"
"312","perad001","Diamondbacks","David Peralta",488,142,343.858154449096,102.169988491037,41.3169970588673,"OF","OF"
"313","peraj003","Reds","Jose Peraza",429,143,386.869455637213,109.153580164786,44.3680403523683,"2B","SS"
"314","perec003","Orioles","Carlos Perez",7.5,3,203.888602421866,37.9878246137918,24.1113180349669,"C","C"
"315","pereh001","Brewers","Hernan Perez",196.5,66,302.55148921805,77.5749129333629,34.8454399203655,"3B","2B"
"316","perem005","Rays","Michael Perez",102,40,NA,NA,NA,"C","C"
"317","perer003","Indians","Roberto Perez",187.5,69,250.125706825935,53.385864199187,29.0995219185282,"C","C"
"318","petej002","Orioles","Jace Peterson",4.5,2,277.434466419568,57.4598635462085,32.0854492558772,"2B","OF"
"319","phamt001","Rays","Tommy Pham",495.5,138,329.943550251939,104.352131440293,39.0774001316537,"OF","OF"
"320","phegj001","Athletics","Josh Phegley",256,91,242.540181234803,47.3260229918808,28.4673101314321,"C","C"
"321","philb002","Royals","Brett Phillips",174.5,63,257.871042124571,64.0842022264902,30.0870691756801,"OF","OF"
"322","pillk001","Blue Jays","Kevin Pillar",432,145,350.08241417388,90.9537714228295,40.5928595385315,"OF","OF"
"323","pinam001","Brewers","Manny Pina",102,35,268.396003417561,68.2920505594188,31.6865095844475,"C","C"
"324","pindc001","Athletics","Chad Pinder",147.5,48,310.349340196758,78.4678809152785,35.5173546815257,"OF","OF"
"325","pirej001","Padres","Jose Pirela",34.5,12,317.592298144976,71.4457931135312,36.5939475448031,"2B","2B"
"326","piscs001","Athletics","Stephen Piscotty",516.5,153,365.191822849356,96.2679049488377,42.8825027532277,"OF","OF"
"327","plawk001","Indians","Kevin Plawecki",222.5,76,286.201521736156,65.7621277379611,31.9397132462648,"C","C"
"328","polag001","Pirates","Gregory Polanco",324,92,369.964814487958,102.675357258814,44.1417772968291,"OF","OF"
"329","polaj001","Twins","Jorge Polanco",461.5,147,311.465339586845,79.353045484716,37.2775796903498,"SS","SS"
"330","polla001","Dodgers","A.J. Pollock",487,142,307.962764022344,90.47803545998,35.9186038116762,"OF","OF"
"331","pompd001","Blue Jays","Dalton Pompey",9.5,3,NA,NA,NA,"OF","OF"
"332","poseb001","Giants","Buster Posey",386.5,123,292.01912857518,73.5134777515952,34.4914217631073,"C","C"
"333","pradm001","Marlins","Martin Prado",207,80,216.684635696674,45.6461167543277,25.8750776373136,"3B","3B"
"334","profj001","Athletics","Jurickson Profar",467,147,354.348104187619,103.302279326871,41.8014917351432,"3B","SS"
"335","puigy001","Reds","Yasiel Puig",514.5,138,353.443829150659,97.5282760693001,41.6442794315882,"OF","OF"
"336","quinr003","Phillies","Roman Quinn",184,62,NA,NA,NA,"OF","OF"
"337","ramih003","Indians","Hanley Ramirez",20,7,242.427909778375,58.3741536111442,29.5812980314267,"1B","1B"
"338","ramij003","Indians","Jose Ramirez",637,155,387.481116852721,118.551624447554,45.1286324282795,"3B","3B"
"339","ramow001","Mets","Wilson Ramos",278,91,315.319561647574,67.3530485616633,38.3325117100581,"C","C"
"340","realj001","Phillies","J.T. Realmuto",454,130,388.741157470616,98.081319532637,44.216543886789,"C","C"
"341","reddj001","Astros","Josh Reddick",302.5,92,326.316174561912,87.286124154521,37.4555245294227,"OF","OF"
"342","reeda002","Astros","A.J. Reed",33,10,173.862616741009,37.4264207095031,20.2075853758708,"1B","1B"
"343","reinj001","Orioles","Jack Reinheimer",6.5,3,173.878074849263,33.8724829753707,19.9639238247352,"3B","OF"
"344","renda001","Nationals","Anthony Rendon",564.5,153,368.479475963395,91.1310102084672,43.7027397224968,"3B","3B"
"345","renfh001","Padres","Hunter Renfroe",258.5,76,386.71532273346,97.7657343791451,42.3954645899745,"OF","OF"
"346","reyef001","Padres","Franmil Reyes",464.5,133,NA,NA,NA,"OF","OF"
"347","reyep001","Pirates","Pablo Reyes",73,25,NA,NA,NA,"OF","OF"
"348","reyev001","Tigers","Victor Reyes",103.5,38,NA,NA,NA,"OF","OF"
"349","rickj001","Orioles","Joey Rickard",281.5,98,255.631503458993,62.6160135571007,29.5756653904826,"OF","OF"
"350","riddj001","Marlins","J.T. Riddle",313,117,278.724785847316,70.0958445650084,32.6669943934589,"SS","SS"
"351","rizza001","Cubs","Anthony Rizzo",581,155,359.72878330796,102.748189095274,42.5000855486895,"1B","1B"
"352","robed004","Rays","Daniel Robertson",261.5,90,343.523875777134,83.8909945290245,37.3650449356486,"2B","2B"
"353","robid003","Cardinals","Drew Robinson",44.5,15,264.558247355403,67.6186410575605,31.106507367486,"OF","OF"
"354","roblv001","Nationals","Victor Robles",451.5,144,313.02167910081,79.8073102905832,36.7540139512193,"OF","OF"
"355","rodrr009","Tigers","Ronny Rodriguez",58.5,20,NA,NA,NA,"2B","SS"
"356","rojam002","Marlins","Miguel Rojas",168.5,64,265.355975783153,67.0805711178152,31.8184227801271,"SS","SS"
"357","romia002","Yankees","Austin Romine",86,30,264.759582159781,61.6426854619562,31.2654165039315,"C","C"
"358","rondj002","White Sox","Jose Rondon",98,35,NA,NA,NA,"SS","SS"
"359","rosaa003","Mets","Amed Rosario",454,152,367.747810607935,93.5939989598955,43.6387706882883,"SS","SS"
"360","rosae001","Twins","Eddie Rosario",535.5,153,368.908867901803,110.135762082522,42.3093393545998,"OF","OF"
"361","ruizr002","Orioles","Rio Ruiz",312.5,108,172.880524438372,31.3658657098254,19.4818933605257,"3B","3B"
"362","russa002","Cubs","Addison Russell",263,88,368.646385104372,91.4131425153338,41.1758891247943,"SS","SS"
"363","salat001","Padres","Tyler Saladino",58,20,241.816890595149,59.0888420264003,27.8899713628129,"2B","SS"
"364","sanca007","Nationals","Adrian Sanchez",31.5,12,217.886877864521,41.2347166329354,25.4499465015757,"2B","2B"
"365","sancg002","Yankees","Gary Sanchez",484.5,129,325.23192431928,77.6283085005389,38.0306086650517,"C","C"
"366","sandp001","Giants","Pablo Sandoval",50.5,19,264.813973356227,55.3262566965158,31.4315620734265,"3B","3B"
"367","sanom001","Twins","Miguel Sano",435.5,123,347.80518648805,73.1562073887848,41.3462188450518,"3B","3B"
"368","santa003","Orioles","Anthony Santander",25,8,271.146599255296,55.6861943351037,31.6785674906175,"OF","OF"
"369","santc002","Indians","Carlos Santana",529.5,150,310.050133942623,90.6270057559578,34.773197500307,"1B","1B"
"370","santd002","Mariners","Domingo Santana",460.5,143,356.204292787551,76.3950361244452,40.4445859288219,"OF","OF"
"371","sches001","Reds","Scott Schebler",491.5,149,375.160246726582,102.622229852404,43.0269280800032,"OF","OF"
"372","schoj001","Twins","Jonathan Schoop",389,117,373.682514521801,92.3176817959561,42.4216080708425,"2B","2B"
"373","schwk001","Cubs","Kyle Schwarber",512,137,362.46909095619,103.486614183811,42.4857803401747,"OF","OF"
"374","seagc001","Dodgers","Corey Seager",541.5,152,344.308207294082,76.4994246231604,40.0768774747682,"SS","SS"
"375","seagk001","Mariners","Kyle Seager",290,92,345.006975027208,87.5204669831756,38.0592103561345,"3B","3B"
"376","seguj002","Phillies","Jean Segura",489,152,331.396083834964,91.5575934725773,39.2078021298467,"2B","SS"
"377","semim001","Athletics","Marcus Semien",486.5,153,366.273744445186,97.7545821111731,43.3479450881429,"SS","SS"
"378","sevep001","Orioles","Pedro Severino",119.5,46,266.649758393051,51.1482533039139,30.9501083697898,"C","C"
"379","shawc001","Giants","Chris Shaw",81,29,NA,NA,NA,"OF","OF"
"380","shawt001","Brewers","Travis Shaw",539.5,152,366.274276251346,103.73134655473,41.3097992124074,"3B","3B"
"381","sierm002","Marlins","Magneuris Sierra",38.5,17,255.815391355501,66.8393142480356,29.7034058932988,"OF","OF"
"382","simma001","Angels","Andrelton Simmons",462,155,321.009181577843,87.7461514528123,37.4687680550439,"SS","SS"
"383","siscc001","Orioles","Chance Sisco",123,46,259.7110798843,53.8892072111632,30.5961219852758,"C","C"
"384","slata001","Giants","Austin Slater",271.5,95,268.665324212371,62.3505370274996,31.640752029009,"OF","OF"
"385","smitd008","Mets","Dominic Smith",7.5,3,305.470164729541,60.2758908539022,35.8000935060644,"1B","1B"
"386","smitk002","Angels","Kevan Smith",124,46,243.933675473088,54.9826618034845,29.2917706837653,"C","C"
"387","smitm007","Mariners","Mallex Smith",467.5,153,360.033642724303,99.9843101957448,42.29828310191,"OF","OF"
"388","smoaj001","Blue Jays","Justin Smoak",528,153,363.202162055349,89.7497030164555,40.5516882813605,"1B","1B"
"389","solay001","Giants","Yangervis Solarte",197.5,68,284.546064961982,77.1668665663382,32.3992767095983,"2B","3B"
"390","solej001","Royals","Jorge Soler",445.5,137,298.069060170299,72.6778749345525,34.991432547121,"OF","OF"
"391","sosae001","Cardinals","Edmundo Sosa",12,5,NA,NA,NA,"2B","2B"
"392","sotoj001","Nationals","Juan Soto",630.5,152,NA,NA,NA,"OF","OF"
"393","spanc001","Padres","Cory Spangenberg",58,19,297.484069860224,75.5977993383853,33.9015656483154,"2B","2B"
"394","sprig001","Astros","George Springer",560.5,153,373.670706994497,103.728365277396,43.7694364657536,"OF","OF"
"395","stalj001","Pirates","Jacob Stallings",18.5,8,150.22930751825,37.2037011108961,17.4729383372346,"C","C"
"396","stanm004","Yankees","Giancarlo Stanton",610.5,145,396.467943362462,109.571250856052,44.3137346709626,"OF","OF"
"397","stasm001","Astros","Max Stassi",159,53,248.182179130344,54.2333857356286,29.3313063268333,"C","C"
"398","steva001","Nationals","Andrew Stevenson",44,17,197.82132445535,45.6044634912808,22.8855496949149,"OF","OF"
"399","stewc002","Tigers","Christin Stewart",334,100,NA,NA,NA,"OF","OF"
"400","stort001","Rockies","Trevor Story",597,153,432.739775496995,114.744571820157,48.7903258095029,"SS","SS"
"401","stram002","Astros","Myles Straw",5,2,NA,NA,NA,"OF","OF"
"402","suare001","Reds","Eugenio Suarez",541,150,391.292835931842,115.131579130653,44.2370975635707,"3B","3B"
"403","sucrj001","Orioles","Jesus Sucre",111.5,46,217.188275526058,39.5192304462411,25.8422601655008,"C","C"
"404","susaa001","Orioles","Andrew Susac",5.5,3,202.778784124788,36.8319390615991,23.6177543110916,"C","C"
"405","suzuk001","Nationals","Kurt Suzuki",219.5,73,261.580178997942,54.4851069698884,31.2425153114678,"C","C"
"406","swand001","Braves","Dansby Swanson",374,125,352.540419989006,86.2309680809334,40.5772493835446,"SS","SS"
"407","swihb001","Red Sox","Blake Swihart",173,62,239.311889210603,54.7374850285319,27.924855535679,"C","C"
"408","tapir001","Rockies","Raimel Tapia",244,76,204.375614952,59.1241315862224,21.7151214152417,"OF","OF"
"409","taucm001","Yankees","Mike Tauchman",59,18,172.59273663047,41.0609256389805,20.0186401741648,"OF","OF"
"410","taylb003","Athletics","Beau Taylor",17,8,NA,NA,NA,"C","C"
"411","taylc001","Dodgers","Chris Taylor",320.5,100,410.542884624093,104.200914383675,47.1803647623135,"SS","SS"
"412","tellr001","Blue Jays","Rowdy Tellez",16.5,5,NA,NA,NA,"1B","1B"
"413","thame001","Brewers","Eric Thames",202,55,300.879105232571,81.4370677241768,34.9397130424668,"1B","OF"
"414","toccc001","Rangers","Carlos Tocci",22.5,10,NA,NA,NA,"OF","OF"
"415","tolea001","Dodgers","Andrew Toles",75,27,226.139669646421,52.1427289665797,26.3693602405953,"OF","OF"
"416","torrg001","Yankees","Gleyber Torres",516,150,NA,NA,NA,"2B","2B"
"417","torrr001","Twins","Ronald Torreyes",19.5,8,236.341226188892,50.0925066167698,27.4026125521676,"2B","2B"
"418","trahb001","Reds","Blake Trahan",6.5,3,NA,NA,NA,"2B","SS"
"419","travd001","Blue Jays","Devon Travis",256,83,290.452163791085,76.5171593258038,32.560579537272,"2B","2B"
"420","travs001","Red Sox","Sam Travis",5.5,2,267.299009013202,52.8166341085595,30.2345785813985,"1B","OF"
"421","trevj001","Rangers","Jose Trevino",75,30,NA,NA,NA,"C","C"
"422","troum001","Angels","Mike Trout",728.5,157,356.224572612774,110.448221372505,42.3667822962254,"OF","OF"
"423","trumm001","Orioles","Mark Trumbo",480,145,283.811254405899,68.6737393658585,31.9041323333482,"OF","OF"
"424","tuckk001","Astros","Kyle Tucker",118.5,33,NA,NA,NA,"OF","OF"
"425","tuckp001","White Sox","Preston Tucker",32.5,10,NA,NA,NA,"OF","OF"
"426","turnj001","Dodgers","Justin Turner",538,153,296.955026351119,79.3694635937579,35.17656023133,"3B","3B"
"427","turnt001","Nationals","Trea Turner",560,153,387.693376087361,111.283114001716,44.0957351862068,"SS","SS"
"428","uptoj001","Angels","Justin Upton",529,150,315.943982840724,91.3115527737896,37.5360251429981,"OF","OF"
"429","urenr001","Blue Jays","Richard Urena",49,20,268.222610551708,65.4337166069621,31.3640395657755,"SS","SS"
"430","urial001","Padres","Luis Urias",421,149,NA,NA,NA,"2B","2B"
"431","valap001","Rockies","Pat Valaika",79.5,27,227.308073421561,44.4711630499856,26.4153025704194,"3B","2B"
"432","valeb001","Giants","Breyvic Valera",20.5,8,184.870210825391,45.7073899515873,21.7422020811054,"2B","2B"
"433","vargi001","Diamondbacks","Ildemaro Vargas",47.5,17,149.795992448839,41.8314560481,17.4796040134383,"2B","3B"
"434","vazqc001","Red Sox","Christian Vazquez",172.5,61,266.981885213741,57.0175732660519,31.0119097257763,"C","C"
"435","velaa001","Rays","Andrew Velazquez",7.5,3,NA,NA,NA,"3B","3B"
"436","verda001","Dodgers","Alex Verdugo",253,82,263.547183766894,55.9732937486629,30.761846028743,"OF","OF"
"437","villj001","Orioles","Jonathan Villar",506,158,330.506366556263,76.6796834399819,38.9248245377555,"2B","2B"
"438","vilom001","Royals","Meibrys Viloria",44.5,18,NA,NA,NA,"C","C"
"439","vincz001","Orioles","Zach Vincej",11,5,103.284071183075,27.8035748711359,12.8746244353951,"SS","3B"
"440","voitl001","Yankees","Luke Voit",412.5,117,264.103637396978,72.0550634407202,31.7205246102244,"1B","1B"
"441","vottj001","Reds","Joey Votto",566,153,326.159249217953,89.6631325058114,36.9824792868015,"1B","1B"
"442","wadet002","Yankees","Tyler Wade",102.5,37,238.832216887841,56.464783680225,27.410401909572,"2B","2B"
"443","waldm001","Phillies","Mitch Walding",53.5,19,NA,NA,NA,"3B","3B"
"444","walkc002","Diamondbacks","Christian Walker",153,46,179.206046883487,43.6732507794465,21.2161886739818,"1B","1B"
"445","walkn001","Marlins","Neil Walker",337.5,114,250.742124452028,57.8964743348833,29.8998208309998,"2B","1B"
"446","wallc001","Marlins","Chad Wallach",75.5,30,248.472871683463,52.3243863654216,29.1693654568574,"C","C"
"447","wardt002","Angels","Taylor Ward",75,25,NA,NA,NA,"3B","3B"
"448","wendj002","Rays","Joey Wendle",359,125,312.673826694237,78.2411749930531,36.6440630940413,"2B","2B"
"449","whitt002","Astros","Tyler White",459.5,137,279.872184977532,66.8318100212824,33.2984601476957,"1B","1B"
"450","wietm001","Cardinals","Matt Wieters",83,30,258.104323869073,59.1488046706312,30.3889094204856,"C","C"
"451","wilks001","Orioles","Steve Wilkerson",3.5,2,NA,NA,NA,"2B","2B"
"452","willj006","Cardinals","Justin Williams",8,3,NA,NA,NA,"OF","OF"
"453","willm008","Giants","Mac Williamson",380,127,221.593012398726,54.4670476042389,26.4407193461244,"OF","OF"
"454","willn001","Phillies","Nick Williams",88.5,27,330.761385654649,87.9646628644112,38.7312424707274,"OF","OF"
"455","winkj002","Reds","Jesse Winker",446,133,340.362902497675,86.6730160417586,39.5548494621666,"OF","OF"
"456","wisdp001","Rangers","Patrick Wisdom",46,15,NA,NA,NA,"3B","3B"
"457","woltt001","Rockies","Tony Wolters",169,61,264.738856411653,65.548663919563,30.8193634126026,"C","C"
"458","wongk001","Cardinals","Kolten Wong",351,117,307.01267730966,83.799797019146,35.5788481448775,"2B","2B"
"459","wynna001","Orioles","Austin Wynns",25,9,NA,NA,NA,"C","C"
"460","yelic001","Brewers","Christian Yelich",620,155,410.41141973833,133.183597110279,47.0695227344198,"OF","OF"
"461","zagum002","Cubs","Mark Zagunis",36.5,12,161.294094469179,39.1128733704307,18.2492970135137,"OF","OF"
"462","zimmb001","Indians","Bradley Zimmer",106.5,35,282.929914368762,70.4956252318669,32.5339184629497,"OF","OF"
"463","zimmr001","Nationals","Ryan Zimmerman",444.5,129,302.577949290674,68.1253020242954,35.1680732485592,"1B","1B"
"464","zobrb001","Cubs","Ben Zobrist",309.5,100,302.186182998485,80.3039322415587,36.2663535637754,"2B","OF"
"465","zunim001","Rays","Mike Zunino",322.5,107,315.972418799445,66.2777066790546,36.1113184822471,"C","C"
"466",NA,"Cubs","Albert Almora Jr.",325,112,NA,NA,NA,"OF",NA
"467",NA,"Orioles","Austin Hays",268.5,88,NA,NA,NA,"OF",NA
"468",NA,"Diamondbacks","Domingo Leyba",4.5,2,NA,NA,NA,"SS",NA
"469",NA,"Rays","Jesus Sanchez",4.5,2,NA,NA,NA,"OF",NA
"470",NA,"Blue Jays","Lourdes Gurriel Jr.",227,75,NA,NA,NA,"2B",NA
"471",NA,"Diamondbacks","Steven Souza Jr.",425.5,125,NA,NA,NA,"OF",NA
"472",NA,"Nationals","Raudy Read",7.5,3,NA,NA,NA,"C",NA
"473",NA,"Diamondbacks","John Ryan Murphy",68.5,26,NA,NA,NA,"C",NA
"474",NA,"Nationals","Michael A. Taylor",167,55,NA,NA,NA,"OF",NA
"475",NA,"White Sox","Nicky Delmonico",182.5,58,NA,NA,NA,"OF",NA
"476",NA,"Astros","Garrett Stubbs",18.5,8,NA,NA,NA,"C",NA
"477",NA,"Dodgers","Keibert Ruiz",18.5,6,NA,NA,NA,"C",NA
"478",NA,"Indians","Eric Stamets",7.5,3,NA,NA,NA,"SS",NA
"479",NA,"Braves","Raffy Lopez",22,8,NA,NA,NA,"C",NA
"480",NA,"Padres","Austin Allen",7.5,3,NA,NA,NA,"C",NA
"481",NA,"Braves","Ronald Acuna Jr.",594,155,NA,NA,NA,"OF",NA
"482",NA,"Rockies","Yonathan Daza",31.5,12,NA,NA,NA,"OF",NA
"483",NA,"Red Sox","Jackie Bradley Jr.",507,150,NA,NA,NA,"OF",NA
"484",NA,"Red Sox","Marco Hernandez",4.5,2,NA,NA,NA,"2B",NA
"485",NA,"Phillies","Arquimedes Gamboa",4.5,2,NA,NA,NA,"SS",NA
"486",NA,"Athletics","Jorge Mateo",8.5,3,NA,NA,NA,"SS",NA
"487",NA,"Athletics","Luis Barrera",4.5,2,NA,NA,NA,"OF",NA
"488",NA,"Orioles","Richie Martin",225,88,NA,NA,NA,"SS",NA
"489",NA,"Athletics","Skye Bolt",4.5,2,NA,NA,NA,"OF",NA
"490",NA,"Mariners","Daniel Vogelbach",90,27,NA,NA,NA,"1B",NA
"491",NA,"Cardinals","Andrew Knizner",21.5,8,NA,NA,NA,"C",NA
"492",NA,"Padres","Tyrone Taylor",27,10,NA,NA,NA,"OF",NA
"493",NA,"Indians","Oscar Mercado",32,12,NA,NA,NA,"SS",NA
"494",NA,"Braves","Alex Jackson",6.5,3,NA,NA,NA,"C",NA
"495",NA,"Indians","Yu Chang",4.5,2,NA,NA,NA,"SS",NA
"496",NA,"Tigers","Nicholas Castellanos",528,153,NA,NA,NA,"3B",NA
"497",NA,"Rangers","Zack Granite",41.5,15,NA,NA,NA,"OF",NA
"498",NA,"Mariners","Joey Curletta",27.5,10,NA,NA,NA,"OF",NA
"499",NA,"Rangers","Scott Heineman",9.5,3,NA,NA,NA,"OF",NA
"500",NA,"Mariners","Braden Bishop",7.5,3,NA,NA,NA,"OF",NA
"501",NA,"Yankees","Jacoby Ellsbury",17,7,NA,NA,NA,"OF",NA
"502",NA,"Twins","LaMonte Wade",30,10,NA,NA,NA,"OF",NA
"503",NA,"Cardinals","Lane Thomas",8,3,NA,NA,NA,"OF",NA
"504",NA,"Royals","Nick Dini",11,5,NA,NA,NA,"C",NA
"505",NA,"Padres","Fernando Tatis Jr.",229.5,75,NA,NA,NA,"SS",NA
"506",NA,"Orioles","Dwight Smith Jr.",26.5,8,NA,NA,NA,"OF",NA
"507",NA,"White Sox","Zack Collins",6.5,3,NA,NA,NA,"C",NA
"508",NA,"Nationals","Carter Kieboom",9.5,3,NA,NA,NA,"SS",NA
"509",NA,"White Sox","Yolmer Sanchez",417,147,NA,NA,NA,"2B",NA
"510",NA,"Marlins","Monte Harrison",6.5,3,NA,NA,NA,"OF",NA
"511",NA,"Orioles","Ryan Mountcastle",4.5,2,NA,NA,NA,"SS",NA
"512",NA,"White Sox","Eloy Jimenez",538,150,NA,NA,NA,"OF",NA
"513",NA,"Padres","Edward Olivares",4.5,2,NA,NA,NA,"OF",NA
"514",NA,"Orioles","Cedric Mullins II",438,142,NA,NA,NA,"OF",NA
"515",NA,"Padres","Troy Stokes Jr.",9.5,3,NA,NA,NA,"OF",NA
"516",NA,"Pirates","Bryan Reynolds",5.5,2,NA,NA,NA,"OF",NA
"517",NA,"Twins","Nick Gordon",13,5,NA,NA,NA,"SS",NA
"518",NA,"Giants","Stephen Vogt",23,8,NA,NA,NA,"C",NA
"519",NA,"Padres","Luis Torrens",7.5,3,NA,NA,NA,"C",NA
"520",NA,"Yankees","Troy Tulowitzki",226,75,NA,NA,NA,"SS",NA
"521",NA,"Pirates","Cole Tucker",19.5,8,NA,NA,NA,"SS",NA
"522",NA,"White Sox","Luis Alexander Basabe",15,5,NA,NA,NA,"OF",NA
"523",NA,"Rockies","Sam Hilliard",7.5,3,NA,NA,NA,"OF",NA
"524",NA,"Orioles","Drew Jackson",208.5,78,NA,NA,NA,"SS",NA
"525",NA,"Padres","Javier Guerra",5.5,3,NA,NA,NA,"SS",NA
"526",NA,"Reds","Phillip Ervin",84.5,27,NA,NA,NA,"OF",NA
"527",NA,"Reds","Jose Siri",3.5,2,NA,NA,NA,"OF",NA
"528",NA,"Padres","Mauricio Dubon",32.5,12,NA,NA,NA,"SS",NA
"529",NA,"Pirates","Jason Martin",15,5,NA,NA,NA,"OF",NA
"530",NA,"White Sox","Seby Zavala",14,5,NA,NA,NA,"C",NA
"531",NA,"Tigers","Sergio Alcantara",25.5,12,NA,NA,NA,"SS",NA
"532",NA,"Tigers","Willi Castro",22.5,8,NA,NA,NA,"SS",NA
